player_id,name,country,registration_date,age,Total_Bets,Total_Stake,Average_Bet,Total_Payout,Win_Rate,Deposit,Withdrawal,Active_Days,Net_Revenue,Cluster,Segment
1,Ian Scott,Guinea,2025-11-05,47,48,5191.91,108.16479166666666,10025.13,0.625,1162.92,2079.92,48,4833.219999999999,1,VIP Players
2,Shannon Johnson,Yemen,2024-11-25,32,47,4739.94,100.84978723404257,5631.68,0.4680851063829787,1476.85,1651.55,47,891.7400000000007,0,Casual Players
3,Barbara Reid,Namibia,2023-09-11,46,53,4913.17,92.701320754717,5614.13,0.3962264150943396,3000.58,1695.44,53,700.96,2,Regular Players
4,Penny Shields,Guyana,2023-08-09,61,49,3791.6,77.37959183673469,4860.98,0.4285714285714285,4868.61,1733.49,49,1069.3799999999997,0,Casual Players
5,Nicole Grimes,Guinea,2024-01-11,58,49,5290.83,107.9761224489796,10379.15,0.5306122448979592,3671.58,2055.33,49,5088.32,1,VIP Players
6,Angela Williams,Peru,2023-10-24,61,59,6555.94,111.11762711864408,11107.8,0.576271186440678,2480.04,2345.78,59,4551.86,3,Dormant Players
7,Amber Juarez,Oman,2024-12-23,22,69,6559.17,95.0604347826087,13146.24,0.6231884057971014,2606.6,3466.2200000000003,69,6587.07,3,Dormant Players
8,Mary Deleon,Colombia,2026-05-07,30,51,5267.41,103.28254901960784,8448.27,0.5882352941176471,2723.49,1589.86,51,3180.8600000000006,1,VIP Players
9,Crystal Mclaughlin,Georgia,2024-12-05,59,53,5857.79,110.5243396226415,8830.22,0.490566037735849,1428.0,4654.64,53,2972.4299999999994,3,Dormant Players
10,Albert Edwards,Senegal,2023-11-17,34,50,5346.46,106.9292,7018.77,0.48,1509.2700000000002,1323.96,50,1672.3100000000004,2,Regular Players
11,Julia Blankenship,Gambia,2024-01-25,27,54,5076.6,94.01111111111112,7540.12,0.5185185185185185,2005.55,2230.63,54,2463.5199999999995,2,Regular Players
12,Diane Vargas,Montserrat,2025-12-06,42,48,5043.66,105.07625,6155.4,0.4166666666666667,1760.97,4795.74,48,1111.7399999999998,2,Regular Players
13,Amy Cooper,Colombia,2025-01-05,64,63,5959.77,94.59952380952382,9539.78,0.5555555555555556,3467.52,2553.38,63,3580.01,3,Dormant Players
14,Kim Hunt,Estonia,2024-07-25,19,48,4990.46,103.96791666666668,7958.69,0.5625,3407.77,5451.43,48,2968.2300000000005,1,VIP Players
15,Michael Manning,Romania,2025-10-09,33,59,6880.24,116.61423728813558,10477.2,0.5084745762711864,4092.39,4039.82,59,3596.960000000001,3,Dormant Players
16,Brandy Lucas,Saint Pierre and Miquelon,2024-12-02,58,44,4336.92,98.56636363636365,7026.49,0.5,3632.89,4545.04,44,2689.5699999999997,0,Casual Players
17,Jamie Kelly,Jordan,2024-09-09,22,53,4781.78,90.2222641509434,8516.03,0.5849056603773585,3065.6800000000003,3068.63,53,3734.250000000001,1,VIP Players
18,Ms. Beverly Bryant MD,Finland,2024-09-24,40,48,4866.75,101.390625,7763.03,0.5,2713.26,3794.3,48,2896.2799999999997,1,VIP Players
19,Madison Martin,Western Sahara,2024-06-22,55,57,6248.05,109.61491228070176,9120.6,0.5263157894736842,3662.75,2318.94,57,2872.55,3,Dormant Players
20,Ashley Mason,Grenada,2024-03-18,27,52,4819.3,92.67884615384617,10663.69,0.6153846153846154,3521.99,3057.11,52,5844.39,1,VIP Players
21,Calvin Miller,Timor-Leste,2024-06-20,54,48,4089.25,85.19270833333333,5258.4,0.375,5672.65,1712.6,48,1169.1499999999996,0,Casual Players
22,Hayley Allen,Chile,2025-05-05,37,56,5364.9,95.80178571428571,8088.11,0.5357142857142857,1093.64,923.23,56,2723.21,2,Regular Players
23,Edward Gutierrez,Slovakia (Slovak Republic),2023-09-12,64,50,4833.87,96.6774,7913.97,0.52,3015.33,343.26,50,3080.1000000000004,1,VIP Players
24,James Curry,Djibouti,2024-04-16,47,54,5340.35,98.89537037037036,9164.27,0.5740740740740741,3391.34,2771.48,54,3823.92,3,Dormant Players
25,Scott Bradley,Peru,2023-11-19,48,46,4741.88,103.08434782608695,9390.24,0.5434782608695652,3047.63,1277.75,46,4648.36,1,VIP Players
26,Ashley Martinez,Nepal,2026-07-10,51,59,6186.67,104.85881355932204,8166.03,0.4576271186440678,4028.82,2710.5699999999997,59,1979.3599999999997,2,Regular Players
27,James Garcia,Senegal,2024-05-08,65,47,5057.46,107.60553191489362,5435.03,0.3617021276595745,547.39,1597.87,47,377.5699999999997,2,Regular Players
28,Grace Steele DDS,Brunei Darussalam,2024-11-08,28,48,4852.2300000000005,101.088125,8433.06,0.5625,1559.96,1286.61,48,3580.829999999999,1,VIP Players
29,Michelle Wilson,Turkey,2023-09-23,41,65,5965.04,91.76984615384616,6787.79,0.4461538461538462,2183.99,1722.76,65,822.75,2,Regular Players
30,Valerie Randall,Chile,2025-03-12,19,56,5469.32,97.66642857142855,8128.45,0.4642857142857143,2417.51,1883.3,56,2659.13,2,Regular Players
31,Andrew Howard,Venezuela,2023-08-15,63,44,4271.14,97.07136363636364,6104.29,0.5454545454545454,3486.88,2022.64,44,1833.1499999999996,0,Casual Players
32,Dawn Johnson,Kazakhstan,2025-12-28,27,47,4633.47,98.5844680851064,9017.47,0.574468085106383,3981.86,3657.33,47,4383.999999999999,1,VIP Players
33,Jamie Johnson,Puerto Rico,2024-08-09,26,59,6188.59,104.8913559322034,8349.92,0.4406779661016949,3124.11,3851.53,59,2161.33,2,Regular Players
34,Todd Baker,Australia,2025-06-29,49,43,5353.33,124.49604651162792,8759.56,0.5348837209302325,1031.95,2724.6800000000003,43,3406.2299999999996,1,VIP Players
35,Jennifer Simon,Mongolia,2025-12-26,50,51,4978.66,97.6207843137255,5799.78,0.4313725490196078,2007.35,1277.32,51,821.1199999999999,2,Regular Players
36,Lisa Garcia,Netherlands Antilles,2026-06-30,31,47,5198.82,110.6131914893617,7142.7,0.4680851063829787,2553.38,2480.44,47,1943.88,2,Regular Players
37,Christopher Johnston,United States Virgin Islands,2026-01-14,51,49,3901.7,79.62653061224489,7121.4400000000005,0.4897959183673469,1261.32,2595.18,49,3219.7400000000007,0,Casual Players
38,George Wolfe,Malaysia,2024-02-23,39,47,4727.92,100.59404255319149,7910.150000000001,0.4893617021276595,2944.22,2363.25,47,3182.2300000000005,1,VIP Players
39,Anne Benitez,Sudan,2025-04-10,65,45,4166.26,92.58355555555556,8103.72,0.5111111111111111,3558.77,0.0,45,3937.46,1,VIP Players
40,Xavier Lawson,Gibraltar,2025-02-25,57,45,4357.28,96.82844444444444,6771.39,0.4666666666666667,2049.35,1625.95,45,2414.1100000000006,0,Casual Players
41,Brittany Roberts,Spain,2024-03-11,44,58,6217.66,107.20103448275862,10661.69,0.5344827586206896,3229.7,5280.41,58,4444.030000000001,3,Dormant Players
42,Angela Estrada,Taiwan,2026-01-15,33,44,4181.71,95.03886363636364,8771.67,0.5909090909090909,379.39,2974.45,44,4589.96,1,VIP Players
43,Justin Baird,Iraq,2025-01-20,50,47,4243.17,90.28021276595744,5273.87,0.4468085106382978,2313.1,3156.65,47,1030.6999999999998,0,Casual Players
44,Bryan Fuller,Turkmenistan,2023-11-16,41,50,6082.33,121.6466,7716.46,0.5,1165.34,4196.41,50,1634.13,2,Regular Players
45,Jason Montoya,Reunion,2025-11-08,43,55,6043.7300000000005,109.886,10892.58,0.509090909090909,1061.15,1509.56,55,4848.849999999999,3,Dormant Players
46,Jessica Miller,Norway,2026-05-22,58,53,5681.52,107.19849056603776,8737.119999999999,0.4716981132075472,3821.84,2352.21,53,3055.5999999999985,2,Regular Players
47,Gregory Franklin,United Kingdom,2026-05-04,34,34,3090.25,90.88970588235294,4353.92,0.4411764705882353,4310.79,2379.68,34,1263.67,0,Casual Players
48,Jocelyn Mcguire,Germany,2025-07-25,35,50,4915.3,98.306,9205.5,0.5,4369.69,1925.44,50,4290.2,1,VIP Players
49,Deborah Reynolds,Montserrat,2025-02-03,24,39,4467.62,114.55435897435898,8068.94,0.6153846153846154,2893.13,1471.43,39,3601.3199999999997,1,VIP Players
50,Carol Austin,United Kingdom,2025-02-06,37,51,5452.68,106.91529411764706,8722.94,0.5490196078431373,2776.4300000000003,4703.85,51,3270.26,1,VIP Players
51,Nicolas Sanders,United States Virgin Islands,2023-12-27,64,48,5303.06,110.48041666666668,7993.41,0.4166666666666667,3216.4300000000003,2840.7799999999997,48,2690.3499999999995,2,Regular Players
52,Tina Good,Hungary,2025-10-05,32,38,3798.81,99.96868421052632,7099.28,0.6052631578947368,2610.1,2434.6899999999996,38,3300.47,1,VIP Players
53,Mr. Andrew Klein,Dominica,2025-03-17,25,45,4788.03,106.40066666666668,7072.05,0.4222222222222222,3233.93,1601.42,45,2284.0200000000004,0,Casual Players
54,Becky Ward,Niue,2025-01-04,46,56,5516.05,98.50089285714286,7981.98,0.5357142857142857,2657.8199999999997,3130.29,56,2465.9300000000003,2,Regular Players
55,Nathan Hughes,Mali,2025-01-07,54,49,4643.34,94.76204081632652,8388.06,0.5714285714285714,3916.67,4719.64,49,3744.7199999999993,1,VIP Players
56,Elizabeth Hess,Congo,2024-10-01,38,45,4679.94,103.99866666666664,7254.78,0.5555555555555556,1028.84,2831.79,45,2574.84,1,VIP Players
57,Melissa Green PhD,French Guiana,2026-02-20,27,59,6146.72,104.18169491525424,8870.25,0.5084745762711864,3340.0,2620.76,59,2723.5299999999997,3,Dormant Players
58,John Hamilton,Jamaica,2025-09-28,35,51,5978.7,117.22941176470589,8385.03,0.5098039215686274,2178.67,2007.6,51,2406.330000000001,2,Regular Players
59,Steven Lucas,Taiwan,2023-09-10,53,58,5668.3,97.7293103448276,10661.28,0.603448275862069,907.99,2222.59,58,4992.9800000000005,3,Dormant Players
60,Michelle Lewis,New Caledonia,2024-12-16,59,36,3920.55,108.90416666666668,5076.82,0.4722222222222222,3255.34,3330.02,36,1156.2699999999995,0,Casual Players
61,Julia Lawson,Antarctica (the territory South of 60 deg S),2023-09-20,47,51,4860.01,95.2943137254902,5615.53,0.4509803921568627,2783.33,3523.55,51,755.5199999999995,2,Regular Players
62,William Santos,Mongolia,2024-04-22,28,49,4422.97,90.26469387755104,5143.51,0.4489795918367347,1039.89,1410.02,49,720.54,0,Casual Players
63,Deborah Whitehead,Madagascar,2024-04-26,54,48,5620.93,117.10270833333334,8234.93,0.5416666666666666,710.85,5076.67,48,2614.0,1,VIP Players
64,Patrick Foster,Dominican Republic,2026-03-18,58,47,4606.94,98.02,4591.82,0.425531914893617,3809.41,3349.4700000000003,47,-15.11999999999989,0,Casual Players
65,James Smith,Liechtenstein,2026-06-02,46,47,4918.76,104.6544680851064,8859.76,0.5957446808510638,1266.02,2948.04,47,3941.0,1,VIP Players
66,Alexander Garcia,Burkina Faso,2025-03-07,22,52,5424.57,104.31865384615384,5941.32,0.4038461538461538,1911.09,3473.2200000000003,52,516.75,2,Regular Players
67,David Davis,Reunion,2024-07-01,55,42,3368.23,80.19595238095238,4555.58,0.4047619047619047,678.7,130.86,42,1187.35,0,Casual Players
68,Thomas Taylor,Serbia,2025-09-14,63,53,6021.95,113.62169811320754,8782.69,0.4339622641509434,1600.92,2086.3599999999997,53,2760.7400000000007,2,Regular Players
69,Samantha Morales,Panama,2023-09-01,31,46,5260.59,114.36065217391304,9924.27,0.5217391304347826,3003.25,5963.58,46,4663.68,1,VIP Players
70,Joshua Collins,Zambia,2024-01-01,19,48,4728.08,98.50166666666668,6946.83,0.5,2088.73,1691.0700000000002,48,2218.75,2,Regular Players
71,Elizabeth Burton,Anguilla,2024-11-24,18,41,4550.39,110.98512195121953,6570.33,0.4146341463414634,2939.87,2984.67,41,2019.9399999999996,0,Casual Players
72,Rachel Williams DVM,Czech Republic,2024-04-17,52,59,5488.76,93.02983050847456,9765.44,0.576271186440678,1817.25,3313.22,59,4276.68,3,Dormant Players
73,Stephanie Alvarado,Japan,2024-06-11,29,43,5049.2699999999995,117.42488372093024,8065.1,0.5348837209302325,2296.79,1253.81,43,3015.830000000001,1,VIP Players
74,Lisa Green,Comoros,2026-06-22,52,58,5887.12,101.50206896551724,7373.8,0.396551724137931,428.62,1218.31,58,1486.6800000000003,2,Regular Players
75,Aaron Patterson,Lao People's Democratic Republic,2025-04-16,37,55,5559.59,101.08345454545454,9862.38,0.6181818181818182,2055.73,4410.25,55,4302.789999999999,3,Dormant Players
76,Steven Cook,Saint Vincent and the Grenadines,2024-10-12,65,36,3407.02,94.63944444444444,5464.58,0.4444444444444444,1951.1,5294.72,36,2057.56,0,Casual Players
77,Kristin Francis,Iraq,2024-09-09,59,40,4442.13,111.05325,7401.5,0.525,2417.66,2821.69,40,2959.37,1,VIP Players
78,Laura Harris,Netherlands,2025-01-18,39,49,4489.27,91.61775510204085,8552.2,0.5306122448979592,2423.98,0.0,49,4062.93,1,VIP Players
79,Dr. Joshua Davis,Equatorial Guinea,2025-07-14,24,44,4610.3,104.77954545454546,6115.41,0.3863636363636363,2301.15,2587.5,44,1505.1099999999997,0,Casual Players
80,Ronald Ball,Cyprus,2023-10-08,52,53,4117.16,77.6822641509434,6075.64,0.5660377358490566,2271.69,1413.8200000000002,53,1958.4800000000005,0,Casual Players
81,Joshua Cook,Svalbard & Jan Mayen Islands,2026-04-27,31,52,5734.19,110.2728846153846,11349.95,0.5961538461538461,3178.75,2152.67,52,5615.760000000001,3,Dormant Players
82,Robert Schwartz,Liberia,2025-12-29,61,58,6403.36,110.40275862068964,9225.71,0.4827586206896552,579.0,714.8,58,2822.3500000000013,3,Dormant Players
83,Mary Davis,Sri Lanka,2026-05-20,31,56,5481.47,97.88339285714288,10593.14,0.5714285714285714,2733.5299999999997,4199.47,56,5111.669999999999,3,Dormant Players
84,Christopher Anderson,Cape Verde,2025-05-18,46,52,4807.87,92.45903846153846,6774.42,0.4230769230769231,3546.11,3180.94,52,1966.55,2,Regular Players
85,Kristie Cabrera,Barbados,2025-10-19,38,45,5113.79,113.63977777777778,5327.08,0.3555555555555555,1486.76,4008.9,45,213.28999999999996,0,Casual Players
86,Robert Crawford,Northern Mariana Islands,2024-12-07,35,49,5117.21,104.43285714285716,6880.84,0.4693877551020408,2284.44,1649.35,49,1763.63,2,Regular Players
87,Brenda Taylor,Eritrea,2025-02-17,27,59,5441.06,92.2213559322034,8539.51,0.4915254237288136,4495.02,4365.49,59,3098.45,3,Dormant Players
88,Billy Rich,Costa Rica,2026-06-05,24,45,4259.56,94.6568888888889,7250.36,0.5555555555555556,532.33,1831.76,45,2990.7999999999993,1,VIP Players
89,Sherry Hernandez,France,2025-04-29,65,43,5025.57,116.87372093023257,5137.81,0.4186046511627907,2105.07,697.68,43,112.24000000000068,0,Casual Players
90,Lori Jensen,South Georgia and the South Sandwich Islands,2025-02-06,21,42,4256.65,101.34880952380952,9075.21,0.5714285714285714,3485.8799999999997,1099.91,42,4818.5599999999995,1,VIP Players
91,Christopher Mendez,Suriname,2025-12-17,22,42,4338.58,103.2995238095238,8586.82,0.5714285714285714,3656.19,1652.23,42,4248.24,1,VIP Players
92,Thomas Torres,Portugal,2025-08-17,32,45,4858.9,107.97555555555554,9109.81,0.5777777777777777,1486.38,1266.47,45,4250.91,1,VIP Players
93,Chelsea Reynolds,Mauritania,2025-04-14,31,54,5625.55,104.17685185185184,8232.1,0.4629629629629629,685.4499999999999,3376.47,54,2606.55,2,Regular Players
94,Anthony Alvarado,Nepal,2024-07-25,49,49,4413.01,90.06142857142858,7603.39,0.5918367346938775,2854.14,3201.0299999999997,49,3190.38,1,VIP Players
95,Kristine Baxter,Belize,2024-06-27,58,58,5898.16,101.69241379310344,10100.17,0.4827586206896552,1928.03,2009.81,58,4202.01,3,Dormant Players
96,Nicole Clark,Croatia,2025-11-14,58,40,3875.52,96.888,7521.5,0.65,4394.25,1560.62,40,3645.98,1,VIP Players
97,Heather Singleton MD,Cambodia,2024-03-14,51,42,4633.6,110.32380952380952,4992.8,0.4285714285714285,2798.77,1646.39,42,359.1999999999998,0,Casual Players
98,Daniel Mckee,Cape Verde,2023-08-07,20,58,6174.08,106.4496551724138,9523.97,0.4827586206896552,4327.57,4047.4,58,3349.8899999999994,3,Dormant Players
99,Alan Patterson,Turks and Caicos Islands,2026-02-16,58,54,6292.13,116.52092592592592,9886.28,0.5,2612.36,2969.41,54,3594.1499999999987,3,Dormant Players
100,Nicholas Bender,Holy See (Vatican City State),2023-11-05,45,43,4247.91,98.7886046511628,8371.51,0.5116279069767442,1083.56,119.98,43,4123.6,1,VIP Players
101,Cynthia Reed,Mauritius,2024-06-11,63,48,4881.47,101.69729166666669,6887.71,0.4583333333333333,4342.32,766.88,48,2006.24,2,Regular Players
102,Ian Rodriguez,Syrian Arab Republic,2025-02-20,26,43,3796.5,88.29069767441861,5169.67,0.4651162790697674,1193.21,1440.3,43,1373.17,0,Casual Players
103,Melissa Robbins,Togo,2025-03-10,32,57,5837.44,102.41122807017544,8359.35,0.3859649122807017,1458.65,1487.09,57,2521.9100000000008,2,Regular Players
104,April Palmer,Uzbekistan,2026-01-08,55,46,4513.14,98.11173913043478,3368.85,0.391304347826087,2204.19,3378.41,46,-1144.2900000000004,0,Casual Players
105,Joseph Lewis,China,2023-08-20,36,47,4936.54,105.0327659574468,7901.32,0.6170212765957447,842.34,3263.86,47,2964.7799999999997,1,VIP Players
106,Miss Destiny Rodriguez,Saint Vincent and the Grenadines,2025-11-03,64,59,6201.4,105.10847457627118,8571.27,0.4915254237288136,2251.25,1834.1,59,2369.870000000001,3,Dormant Players
107,Erik Hicks,Bermuda,2025-05-09,38,53,5379.89,101.50735849056603,7539.75,0.4339622641509434,789.71,1075.1799999999998,53,2159.8599999999997,2,Regular Players
108,Melinda Boyle,Gibraltar,2026-05-14,33,69,6171.09,89.43608695652173,12009.18,0.5362318840579711,2143.64,1537.01,69,5838.09,3,Dormant Players
109,Caleb Brown,Jordan,2023-09-08,35,47,4571.09,97.2572340425532,6097.95,0.4893617021276595,2478.77,1403.9,47,1526.8599999999997,0,Casual Players
110,Joe Brown,Sweden,2023-08-02,26,34,3799.13,111.73911764705883,6659.29,0.5882352941176471,2081.24,927.88,34,2860.16,1,VIP Players
111,Carrie Burns,Bahamas,2025-01-28,38,67,6359.44,94.91701492537312,8848.96,0.5074626865671642,5098.88,479.99,67,2489.5199999999995,3,Dormant Players
112,James Taylor,Russian Federation,2024-11-22,64,47,4958.45,105.49893617021276,5083.25,0.3404255319148936,1873.08,2613.42,47,124.80000000000018,0,Casual Players
113,Heather Taylor,Bhutan,2026-01-15,44,44,4489.7,102.03863636363636,5380.0599999999995,0.4318181818181818,3069.16,2724.66,44,890.3599999999997,0,Casual Players
114,Christina Avila,Germany,2023-09-17,43,46,4316.64,93.84,7397.34,0.4782608695652174,3753.65,2807.96,46,3080.7,0,Casual Players
115,Kathleen Williams,Mongolia,2025-02-19,56,61,5773.2300000000005,94.64311475409836,12362.04,0.6065573770491803,3051.51,5900.54,61,6588.81,3,Dormant Players
116,Ronald Craig,Aruba,2025-11-22,49,49,5535.54,112.97020408163266,8056.68,0.4897959183673469,3606.16,1323.22,49,2521.1400000000003,2,Regular Players
117,Jimmy Curry DVM,Central African Republic,2026-05-14,60,55,6040.35,109.82454545454546,10439.23,0.4727272727272727,1527.1,2713.28,55,4398.879999999999,3,Dormant Players
118,Dr. Dominique Hernandez,Portugal,2023-08-07,62,54,4968.19,92.0035185185185,9068.66,0.5370370370370371,3403.69,3622.67,54,4100.47,1,VIP Players
119,Gregory Mathews,Dominica,2025-03-20,29,55,5368.9,97.61636363636364,8301.02,0.4545454545454545,1314.88,3346.07,55,2932.120000000001,2,Regular Players
120,Amy Lowe,Falkland Islands (Malvinas),2024-03-17,19,38,4057.16,106.76736842105262,7122.09,0.5526315789473685,1796.5700000000002,3789.31,38,3064.9300000000003,1,VIP Players
121,Derrick Brown,Costa Rica,2025-04-27,22,44,4616.51,104.92068181818182,6786.68,0.5,3780.14,3327.16,44,2170.17,0,Casual Players
122,Diana Alexander,Myanmar,2026-04-14,19,34,3500.59,102.95852941176472,7771.19,0.6470588235294118,3251.08,1666.6,34,4270.599999999999,1,VIP Players
123,Emma Richardson,Belize,2025-12-06,62,48,4554.71,94.88979166666668,6858.58,0.4791666666666667,2632.87,2601.4700000000003,48,2303.87,0,Casual Players
124,Jonathan Brown,French Polynesia,2026-03-01,24,46,4786.17,104.04717391304348,6925.49,0.4565217391304347,1565.61,5359.9,46,2139.3199999999997,0,Casual Players
125,Ricardo Thompson,Djibouti,2025-07-28,39,54,6296.49,116.60166666666666,7756.75,0.4259259259259259,1021.44,2303.34,54,1460.2600000000002,2,Regular Players
126,Morgan Hansen,Uzbekistan,2023-07-25,35,41,3900.79,95.14121951219512,5053.47,0.4878048780487805,1464.0200000000002,2161.95,41,1152.6800000000003,0,Casual Players
127,Mrs. Cindy Fields MD,Turks and Caicos Islands,2026-05-29,64,43,3940.47,91.63883720930234,4006.5,0.4418604651162791,2564.87,3591.56,43,66.02999999999975,0,Casual Players
128,Steven Gray,Anguilla,2024-02-16,54,40,3950.86,98.7715,7372.68,0.45,1959.18,2876.51,40,3421.82,0,Casual Players
129,Christina Rodriguez,Guadeloupe,2025-09-21,49,65,6431.2,98.94153846153846,10806.49,0.5076923076923077,2802.27,3111.68,65,4375.29,3,Dormant Players
130,John Duncan,Tokelau,2025-01-18,55,40,4070.15,101.75375,5730.76,0.45,1236.09,3696.64,40,1660.61,0,Casual Players
131,Anthony Walters MD,Falkland Islands (Malvinas),2023-12-02,65,48,4396.68,91.5975,5776.1,0.4583333333333333,1851.78,3923.97,48,1379.42,0,Casual Players
132,Rhonda Curry,El Salvador,2024-04-28,48,44,3902.98,88.70409090909091,5061.61,0.4318181818181818,1041.82,1512.95,44,1158.6299999999997,0,Casual Players
133,John Love,Sao Tome and Principe,2026-06-27,64,40,4215.08,105.377,6799.0199999999995,0.475,1870.63,573.79,40,2583.9399999999996,0,Casual Players
134,Tina Eaton,New Zealand,2024-02-14,45,46,5646.19,122.7432608695652,10304.33,0.4782608695652174,3041.13,5224.06,46,4658.14,1,VIP Players
135,Nicholas Wilson,Saudi Arabia,2024-09-27,65,55,5431.21,98.74927272727273,10117.67,0.5636363636363636,398.96,3335.17,55,4686.46,3,Dormant Players
136,Joshua Woods,Tunisia,2026-01-15,51,53,5825.42,109.91358490566036,8112.69,0.5094339622641509,3815.22,2013.63,53,2287.2700000000004,2,Regular Players
137,Jessica Coleman,Chad,2024-08-29,27,64,6630.78,103.6059375,9105.99,0.46875,892.78,2384.87,64,2475.21,3,Dormant Players
138,Sarah Alvarez,United States Virgin Islands,2026-01-15,18,44,4057.15,92.20795454545454,5087.99,0.4545454545454545,2308.54,1037.82,44,1030.8399999999997,0,Casual Players
139,Tammy Peterson,Maldives,2025-09-28,65,49,5830.19,118.9834693877551,9125.82,0.4489795918367347,1335.16,2283.62,49,3295.63,2,Regular Players
140,Ann Simon,Slovenia,2025-01-10,26,46,4414.77,95.97326086956522,9526.25,0.5652173913043478,2926.5,3583.94,46,5111.48,1,VIP Players
141,Sara Reyes,Antarctica (the territory South of 60 deg S),2024-05-25,18,65,6772.26,104.1886153846154,13236.65,0.6615384615384615,1499.62,1687.16,65,6464.389999999999,3,Dormant Players
142,Jessica Rodriguez,Faroe Islands,2026-05-06,65,51,4526.82,88.76117647058823,5931.88,0.4705882352941176,2728.37,4396.98,51,1405.0600000000004,0,Casual Players
143,Jesse Mcdonald,Singapore,2026-01-18,30,51,5178.29,101.53509803921568,8257.86,0.4705882352941176,907.57,2540.8199999999997,51,3079.5700000000006,2,Regular Players
144,Stephen Scott,Cyprus,2023-10-30,49,56,5108.44,91.22214285714286,6953.44,0.4821428571428571,2295.99,4796.72,56,1845.0,2,Regular Players
145,Jenna Smith,Sudan,2025-04-12,52,43,4215.54,98.03581395348836,6934.74,0.4883720930232558,3388.87,2943.3,43,2719.2,0,Casual Players
146,John Dominguez MD,Canada,2025-09-11,35,44,4094.16,93.0490909090909,7714.24,0.6363636363636364,2592.8,3224.29,44,3620.08,1,VIP Players
147,Seth Jones,Western Sahara,2024-05-25,31,59,5821.98,98.67762711864404,6189.8,0.3728813559322034,2197.7,798.9499999999999,59,367.8200000000006,2,Regular Players
148,Anthony Wilson,Svalbard & Jan Mayen Islands,2026-03-17,50,40,4125.35,103.13375,5346.780000000001,0.55,1804.69,2584.33,40,1221.4300000000003,0,Casual Players
149,Betty Cook,Switzerland,2025-10-16,41,53,6429.22,121.30603773584906,13029.77,0.6037735849056604,1820.89,3510.28,53,6600.55,3,Dormant Players
150,Anthony Spencer,Dominica,2024-02-24,23,42,4443.31,105.79309523809523,7534.13,0.4761904761904761,2500.4,1398.46,42,3090.8199999999997,1,VIP Players
151,Theresa Cain,Samoa,2025-10-07,47,49,5280.26,107.76040816326532,6736.29,0.5306122448979592,1914.65,2078.44,49,1456.0299999999995,2,Regular Players
152,Dawn Thompson,Czech Republic,2023-09-25,31,41,5080.61,123.91731707317072,7057.59,0.4390243902439024,3080.06,2711.1099999999997,41,1976.9800000000005,1,VIP Players
153,Diana Cunningham,Mauritius,2024-03-12,58,52,5831.15,112.1375,9926.5,0.5192307692307693,6958.04,4373.93,52,4095.35,3,Dormant Players
154,Ryan Smith,Zimbabwe,2025-12-07,19,46,4444.44,96.6182608695652,6322.59,0.4565217391304347,3184.89,5504.7699999999995,46,1878.1500000000003,0,Casual Players
155,Richard Daniel,Iceland,2024-03-15,56,56,5647.43,100.8469642857143,8384.539999999999,0.4464285714285714,5166.1,2714.82,56,2737.1099999999988,2,Regular Players
156,Victor Barajas,Faroe Islands,2023-10-29,41,52,5396.29,103.77480769230768,11212.16,0.5961538461538461,2080.5699999999997,3675.86,52,5815.87,3,Dormant Players
157,Amy Mcdonald,Jersey,2025-11-05,43,55,5891.91,107.12563636363636,8930.46,0.5454545454545454,1632.96,1400.25,55,3038.5499999999993,3,Dormant Players
158,Brittany Ortiz,Nauru,2026-06-18,28,40,3605.03,90.12575,4771.0,0.475,2944.0,6578.75,40,1165.9699999999998,0,Casual Players
159,Diana King,Heard Island and McDonald Islands,2024-06-24,28,44,4842.37,110.05386363636364,5335.85,0.4545454545454545,2521.25,3685.58,44,493.4800000000005,0,Casual Players
160,Julie Carter,Falkland Islands (Malvinas),2025-03-20,35,59,6198.89,105.06593220338983,12602.07,0.6779661016949152,1930.28,2317.99,59,6403.179999999999,3,Dormant Players
161,Diana Abbott,Belize,2025-01-08,64,67,6449.75,96.26492537313432,9272.46,0.5223880597014925,1804.22,1988.35,67,2822.709999999999,3,Dormant Players
162,Denise Dunlap,Guyana,2024-10-30,23,47,4588.54,97.62851063829788,6264.46,0.4680851063829787,60.52,3944.67,47,1675.92,0,Casual Players
163,Donna Valdez,Mauritania,2025-06-26,33,40,4248.26,106.2065,6726.22,0.475,1386.66,2340.89,40,2477.96,0,Casual Players
164,Michael Nguyen,Northern Mariana Islands,2026-02-10,48,47,4573.19,97.301914893617,7883.03,0.5531914893617021,3722.02,1676.1,47,3309.84,1,VIP Players
165,Rodney Dominguez,Morocco,2024-03-14,60,42,4070.13,96.90785714285714,6470.0599999999995,0.4761904761904761,1208.73,2210.18,42,2399.9299999999994,0,Casual Players
166,William Dixon,Hong Kong,2023-11-25,48,59,6011.76,101.8942372881356,9026.93,0.4745762711864407,3602.5,3467.2,59,3015.17,3,Dormant Players
167,Tara Austin,Antigua and Barbuda,2025-08-09,62,61,5175.83,84.84967213114754,7770.82,0.4754098360655737,1064.0,4413.88,61,2594.99,2,Regular Players
168,Jennifer Taylor,France,2025-10-30,63,54,5034.51,93.23166666666668,8673.08,0.5370370370370371,737.88,2184.09,54,3638.57,1,VIP Players
169,Cindy Sims,Liechtenstein,2024-01-17,47,44,4357.09,99.02477272727272,6040.26,0.4772727272727273,527.36,2975.4300000000003,44,1683.17,0,Casual Players
170,Tracy Harrell,Estonia,2023-08-23,45,57,6038.0199999999995,105.93017543859648,10306.49,0.5263157894736842,1370.76,2808.09,57,4268.47,3,Dormant Players
171,Jodi Ibarra,Slovenia,2026-05-25,61,43,4386.96,102.02232558139536,7831.49,0.4651162790697674,1582.41,986.28,43,3444.5299999999997,1,VIP Players
172,Matthew Richards,Korea,2025-06-23,32,38,3877.31,102.03447368421052,6531.91,0.5526315789473685,1276.69,1899.88,38,2654.6,0,Casual Players
173,Jennifer Grant,Denmark,2023-11-29,40,46,4307.46,93.6404347826087,5111.87,0.5,4311.54,4393.6,46,804.4099999999999,0,Casual Players
174,Melanie Gutierrez,Czech Republic,2023-08-23,65,57,6360.79,111.59280701754386,9810.84,0.5263157894736842,1592.39,3964.8,57,3450.05,3,Dormant Players
175,Hunter Saunders,Poland,2023-09-04,44,42,4385.02,104.4052380952381,8509.33,0.5476190476190477,3468.23,848.82,42,4124.3099999999995,1,VIP Players
176,Martha Brady,Congo,2025-09-21,40,39,4290.87,110.02230769230768,3670.17,0.2307692307692307,3447.5,4729.73,39,-620.6999999999998,0,Casual Players
177,Frank Richmond,Faroe Islands,2025-07-30,35,54,4869.17,90.1698148148148,6397.2,0.4444444444444444,3421.6400000000003,3497.28,54,1528.0299999999995,2,Regular Players
178,Brenda Joseph,Antigua and Barbuda,2024-09-26,58,57,5905.69,103.60859649122808,6007.58,0.4210526315789473,2230.23,989.86,57,101.89000000000031,2,Regular Players
179,Scott Keller,Micronesia,2024-05-28,60,42,3763.69,89.61166666666666,5897.06,0.4285714285714285,1905.56,1619.45,42,2133.3700000000003,0,Casual Players
180,Vincent Morris,Norfolk Island,2025-07-04,33,42,3852.14,91.71761904761904,8064.53,0.6666666666666666,1454.4499999999998,2292.88,42,4212.389999999999,1,VIP Players
181,Jonathan Carpenter,China,2025-05-17,51,54,5580.93,103.35055555555556,6005.19,0.4629629629629629,3170.8,2558.37,54,424.2599999999993,2,Regular Players
182,Carolyn Barnett,Yemen,2024-09-18,56,43,4220.91,98.1606976744186,7121.1,0.5116279069767442,3611.37,3433.7,43,2900.1900000000005,0,Casual Players
183,Meredith Young,Dominican Republic,2025-12-01,39,46,4462.33,97.00717391304347,7420.68,0.5652173913043478,2257.52,731.3100000000001,46,2958.3500000000004,1,VIP Players
184,Danny Hunt,Seychelles,2023-10-29,38,54,5559.81,102.95944444444446,8141.9,0.4259259259259259,1422.87,0.0,54,2582.0899999999992,2,Regular Players
185,Robin Walker,Guernsey,2025-08-08,61,50,4798.08,95.9616,8052.59,0.52,3460.26,1446.77,50,3254.51,1,VIP Players
186,Katherine Kennedy,Syrian Arab Republic,2024-02-18,27,52,5640.83,108.4775,11157.5,0.5961538461538461,3413.33,2423.27,52,5516.67,3,Dormant Players
187,Desiree Roberts,Niue,2023-10-15,61,56,5662.45,101.11517857142856,10845.25,0.5,4141.22,2297.21,56,5182.8,3,Dormant Players
188,Michelle Abbott,Russian Federation,2025-02-25,50,41,4079.55,99.50121951219512,7672.9,0.5609756097560976,2907.65,899.2299999999999,41,3593.3499999999995,1,VIP Players
189,Jordan Lewis,Gibraltar,2024-09-08,32,46,4438.04,96.4791304347826,5897.23,0.4565217391304347,3681.98,4085.38,46,1459.1899999999996,0,Casual Players
190,Dana Davis,British Virgin Islands,2024-01-02,52,61,5750.61,94.2722950819672,8039.46,0.4590163934426229,1082.46,5196.24,61,2288.8500000000004,2,Regular Players
191,Crystal Mccullough DDS,New Caledonia,2023-10-29,19,47,4842.85,103.03936170212766,7387.21,0.4893617021276595,2482.5,1534.1999999999998,47,2544.3599999999997,2,Regular Players
192,James Thompson,Afghanistan,2025-06-24,30,56,5488.9800000000005,98.0175,7671.37,0.4642857142857143,1773.12,2156.62,56,2182.3899999999994,2,Regular Players
193,Thomas Jones,Fiji,2025-12-22,53,41,3753.16,91.54048780487804,8693.92,0.7073170731707317,4096.75,1544.8,41,4940.76,1,VIP Players
194,Scott Murphy,Vanuatu,2024-05-05,36,46,4994.71,108.58065217391304,7976.39,0.4565217391304347,1596.16,2197.71,46,2981.6800000000003,1,VIP Players
195,Stephanie Smith,Croatia,2025-11-06,60,34,3477.67,102.28441176470588,4596.25,0.4117647058823529,1773.0,2557.31,34,1118.58,0,Casual Players
196,Shawn Espinoza,Cook Islands,2024-08-30,51,58,5363.12,92.46758620689656,9142.44,0.5172413793103449,2946.77,926.61,58,3779.3200000000006,3,Dormant Players
197,Joanna Moore,Argentina,2024-12-03,34,53,5276.0,99.54716981132076,7997.37,0.4528301886792453,1961.25,1886.9,53,2721.37,2,Regular Players
198,Joseph Wright,Libyan Arab Jamahiriya,2025-06-29,49,50,5304.88,106.0976,8547.83,0.5,3769.01,2558.96,50,3242.95,1,VIP Players
199,Rachel Harris,Aruba,2024-07-05,31,48,4940.31,102.923125,6306.04,0.5833333333333334,235.87,2683.59,48,1365.7299999999996,1,VIP Players
200,Marcus Peterson,British Indian Ocean Territory (Chagos Archipelago),2025-08-21,45,46,4142.55,90.0554347826087,4396.63,0.4782608695652174,6687.29,1454.91,46,254.07999999999993,0,Casual Players
201,Edward Hicks,Czech Republic,2024-12-05,33,42,3735.92,88.9504761904762,4215.32,0.4285714285714285,4793.99,887.74,42,479.3999999999997,0,Casual Players
202,Katie Jensen,Northern Mariana Islands,2025-09-29,52,38,3449.63,90.77973684210528,4095.59,0.4736842105263157,950.75,3166.67,38,645.96,0,Casual Players
203,Melissa Arnold,Norway,2026-03-17,21,40,3697.15,92.42875,6681.87,0.5,3265.94,5793.12,40,2984.72,0,Casual Players
204,Monica Howard,Mauritania,2026-07-10,44,49,4859.16,99.1665306122449,6902.46,0.4489795918367347,2538.65,653.5,49,2043.3,2,Regular Players
205,Kenneth Chan,Palau,2023-09-06,36,47,4742.79,100.9104255319149,7341.48,0.4893617021276595,4156.639999999999,2064.12,47,2598.6899999999996,1,VIP Players
206,Yvette Moore,Latvia,2023-09-15,41,52,5015.98,96.46115384615383,6785.4800000000005,0.5192307692307693,1273.77,3558.5600000000004,52,1769.500000000001,2,Regular Players
207,Robert Warren,Mali,2024-07-25,58,58,5892.2699999999995,101.5908620689655,11472.83,0.5862068965517241,2063.5699999999997,0.0,58,5580.56,3,Dormant Players
208,Tara Rangel,Azerbaijan,2023-12-11,55,47,4286.41,91.20021276595745,7639.81,0.574468085106383,1583.49,5090.25,47,3353.4000000000005,1,VIP Players
209,Tracy Dennis,Bahamas,2023-09-16,61,54,5465.08,101.2051851851852,7855.33,0.4629629629629629,2765.12,1357.98,54,2390.25,2,Regular Players
210,Jared Johnson,Venezuela,2024-01-02,51,45,4352.97,96.73266666666667,5862.83,0.3777777777777777,3610.47,730.36,45,1509.8599999999997,0,Casual Players
211,Brittany Lee,Myanmar,2026-03-30,55,43,4625.72,107.57488372093025,6071.2,0.4418604651162791,3101.78,1062.76,43,1445.4799999999996,0,Casual Players
212,Michael Sherman,Estonia,2026-03-04,45,60,5673.33,94.5555,9949.52,0.5666666666666667,671.9200000000001,2815.67,60,4276.1900000000005,3,Dormant Players
213,Dr. Keith Church,Jersey,2026-04-11,34,51,5562.74,109.07333333333332,9141.71,0.4901960784313725,3344.71,3949.37,51,3578.9699999999993,3,Dormant Players
214,Rachel Perry,Seychelles,2025-06-07,64,52,6044.48,116.24,10738.17,0.5769230769230769,3349.5,2929.39,52,4693.6900000000005,3,Dormant Players
215,Anthony Smith,Netherlands,2025-05-08,32,48,5044.51,105.09395833333332,6604.71,0.4583333333333333,1157.67,2058.55,48,1560.1999999999998,2,Regular Players
216,Jason Silva,Yemen,2025-06-20,34,57,6225.35,109.21666666666668,10932.93,0.5614035087719298,674.74,1662.13,57,4707.58,3,Dormant Players
217,Leon Baldwin,Vanuatu,2024-08-11,37,50,4494.14,89.8828,7415.29,0.56,2072.1,175.39,50,2921.1499999999996,1,VIP Players
218,Brianna Nguyen,Faroe Islands,2025-11-05,50,38,3343.47,87.98605263157894,6716.89,0.5,2558.81,1602.4299999999998,38,3373.4200000000005,0,Casual Players
219,Ricky Acevedo,New Zealand,2026-04-23,54,58,5963.2300000000005,102.8143103448276,8106.04,0.4310344827586206,3010.39,722.4399999999999,58,2142.8099999999995,2,Regular Players
220,Jacob Stephenson,Lithuania,2023-12-06,25,50,5178.45,103.569,7965.95,0.5,893.1,873.03,50,2787.5,2,Regular Players
221,Jennifer Griffin,Mexico,2025-07-25,34,53,5025.19,94.81490566037736,9514.34,0.5471698113207547,2617.94,1898.74,53,4489.150000000001,1,VIP Players
222,Renee Jordan,New Zealand,2026-03-08,35,58,6036.2,104.07241379310344,7943.54,0.5,1722.02,775.62,58,1907.34,2,Regular Players
223,Ashley Contreras,Dominican Republic,2025-12-25,24,55,4729.26,85.98654545454546,7078.17,0.4545454545454545,3677.8,2720.5499999999997,55,2348.91,2,Regular Players
224,Derek Barber,Bahrain,2024-11-22,35,54,5343.86,98.96037037037036,6078.81,0.4074074074074074,3203.6800000000003,2938.05,54,734.9500000000007,2,Regular Players
225,Olivia Mccormick,Central African Republic,2024-11-05,63,50,4547.34,90.9468,7027.85,0.52,2025.44,1619.2199999999998,50,2480.51,2,Regular Players
226,Stephen Warner,Puerto Rico,2025-09-06,63,37,4349.03,117.54135135135134,7459.52,0.5945945945945946,4373.93,4787.98,37,3110.4900000000007,1,VIP Players
227,Joseph Hicks,Swaziland,2025-07-09,41,45,4514.87,100.33044444444444,3804.95,0.3555555555555555,3628.74,2553.76,45,-709.9200000000001,0,Casual Players
228,Danny Russell,Lithuania,2025-08-06,23,68,7110.6,104.56764705882354,10419.35,0.5147058823529411,2568.6400000000003,1983.34,68,3308.75,3,Dormant Players
229,Kimberly Conway,Equatorial Guinea,2025-01-08,44,59,5815.42,98.5664406779661,8380.68,0.4745762711864407,2102.88,3367.37,59,2565.26,2,Regular Players
230,Sherry Marshall MD,Aruba,2023-09-20,42,44,4435.96,100.81727272727272,5406.66,0.4545454545454545,5957.69,961.28,44,970.6999999999998,0,Casual Players
231,Cassandra Stone,Vietnam,2025-11-16,41,56,5042.86,90.05107142857142,8068.05,0.4821428571428571,1989.27,4468.85,56,3025.1900000000005,2,Regular Players
232,Jonathan Ayala,Niue,2025-08-21,37,59,5537.08,93.84881355932204,10196.17,0.5932203389830508,2581.62,2211.16,59,4659.09,3,Dormant Players
233,Amy Moore,Cuba,2024-09-14,23,44,4081.94,92.77136363636365,4595.72,0.4545454545454545,1900.69,4287.21,44,513.7800000000002,0,Casual Players
234,Debra Dillon,Burkina Faso,2024-08-13,35,42,4762.66,113.39666666666666,6598.62,0.4285714285714285,2759.88,1392.69,42,1835.96,0,Casual Players
235,Denise Freeman,New Caledonia,2023-10-23,52,51,5318.88,104.29176470588236,8321.68,0.5490196078431373,2108.84,5907.5599999999995,51,3002.8,1,VIP Players
236,Michele West,Belgium,2025-09-02,30,47,5089.08,108.27829787234042,9788.86,0.574468085106383,2717.28,1237.7399999999998,47,4699.780000000001,1,VIP Players
237,Emily Miranda,Falkland Islands (Malvinas),2025-11-27,25,36,3601.1,100.03055555555557,5041.77,0.3888888888888889,490.0,2405.6099999999997,36,1440.6700000000003,0,Casual Players
238,Brett Rodriguez,French Polynesia,2024-01-03,54,53,5447.93,102.79113207547172,5589.46,0.3773584905660377,1896.09,577.23,53,141.52999999999977,2,Regular Players
239,William Miller,Spain,2024-08-08,53,53,5606.15,105.7764150943396,7415.89,0.5094339622641509,3383.84,2718.54,53,1809.7400000000007,2,Regular Players
240,Catherine Boyer,Romania,2025-03-19,23,48,4064.32,84.67333333333333,6220.9,0.4791666666666667,1357.67,5880.46,48,2156.5799999999995,0,Casual Players
241,Allen Smith,American Samoa,2025-05-01,43,53,5621.1,106.05849056603776,10764.52,0.5471698113207547,4387.98,2584.83,53,5143.42,3,Dormant Players
242,Michael Wagner,Montenegro,2024-04-23,50,38,4212.54,110.85631578947368,9668.24,0.5526315789473685,1758.29,3873.89,38,5455.7,1,VIP Players
243,Jeanette Lee,Colombia,2025-11-29,65,53,5382.61,101.55867924528302,8652.31,0.5094339622641509,4953.42,1234.24,53,3269.7,3,Dormant Players
244,Allison Gould,Norway,2025-12-27,21,50,4886.16,97.7232,8946.69,0.54,1958.48,2508.09,50,4060.5300000000007,1,VIP Players
245,Dennis Smith,Montenegro,2025-09-25,20,50,4430.61,88.61219999999999,5622.55,0.48,1315.62,3249.6400000000003,50,1191.9400000000005,0,Casual Players
246,Zachary Carter,India,2024-03-09,53,56,5202.82,92.9075,7433.29,0.5892857142857143,1261.94,3476.15,56,2230.4700000000003,2,Regular Players
247,Amanda Hess,Jersey,2026-03-14,35,49,4576.74,93.40285714285714,6199.44,0.4285714285714285,3795.22,3628.68,49,1622.6999999999998,0,Casual Players
248,Kristen Petersen,Zambia,2024-03-22,31,48,4653.21,96.941875,7352.46,0.5,4188.3099999999995,4271.0,48,2699.25,1,VIP Players
249,Kimberly Durham,Zimbabwe,2024-11-29,65,47,5192.84,110.48595744680853,4409.86,0.3191489361702128,2083.94,1651.98,47,-782.9800000000005,2,Regular Players
250,Amber King,Papua New Guinea,2025-12-10,48,54,5234.1,96.9277777777778,9109.93,0.5370370370370371,1766.81,3890.65,54,3875.83,3,Dormant Players
251,Rebecca Peck,Czech Republic,2024-03-07,19,47,3669.06,78.06510638297873,5188.34,0.4680851063829787,6490.48,4892.63,47,1519.2800000000002,0,Casual Players
252,Dr. Teresa Saunders DVM,Haiti,2025-01-10,26,54,5399.69,99.99425925925924,7226.5,0.4444444444444444,3244.26,3286.8900000000003,54,1826.8100000000004,2,Regular Players
253,Barbara Douglas,Bahrain,2024-09-15,32,57,5417.4,95.0421052631579,8321.28,0.5087719298245614,2745.94,3173.83,57,2903.880000000001,2,Regular Players
254,Renee Rocha,Cook Islands,2026-02-27,18,54,5496.99,101.7961111111111,8144.7,0.4259259259259259,1482.52,908.39,54,2647.71,2,Regular Players
255,Daniel Burke,Jordan,2025-06-22,25,51,4761.58,93.3643137254902,7316.03,0.4705882352941176,1018.28,2083.67,51,2554.45,2,Regular Players
256,James Castro,Tanzania,2025-04-29,62,63,6834.7699999999995,108.48841269841267,10784.18,0.6031746031746031,2869.81,5779.3,63,3949.4100000000008,3,Dormant Players
257,Nicole Fowler,Bangladesh,2025-11-25,29,50,6237.14,124.7428,10845.57,0.46,2409.88,1349.19,50,4608.429999999999,3,Dormant Players
258,Dennis Ortiz,Nicaragua,2025-12-21,57,55,5538.41,100.69836363636364,8825.89,0.5636363636363636,1398.07,4684.17,55,3287.4799999999996,3,Dormant Players
259,Peggy Roberts,El Salvador,2026-06-19,51,45,4936.34,109.69644444444444,7871.99,0.5111111111111111,3475.99,3452.71,45,2935.6499999999996,1,VIP Players
260,Anthony Wilson,United Kingdom,2024-06-27,52,47,4504.55,95.84148936170212,5669.13,0.4042553191489361,3192.51,2429.74,47,1164.58,0,Casual Players
261,Lisa Espinoza,Armenia,2025-10-24,22,47,4966.87,105.67808510638298,7320.37,0.574468085106383,2653.18,1323.25,47,2353.5,1,VIP Players
262,Brittany Graham,Thailand,2025-03-06,49,55,5439.7300000000005,98.90418181818184,8800.99,0.4909090909090909,3738.46,1557.42,55,3361.2599999999993,3,Dormant Players
263,Kurt Garza,Gabon,2026-06-10,32,65,6105.1,93.9246153846154,13822.63,0.5846153846153846,1346.27,2485.48,65,7717.530000000001,3,Dormant Players
264,Crystal Mcintyre,Guinea-Bissau,2024-01-01,63,43,4208.67,97.8760465116279,6476.12,0.4883720930232558,1679.9699999999998,3942.02,43,2267.45,0,Casual Players
265,Pamela Werner,Tuvalu,2025-08-20,36,58,5942.06,102.4493103448276,9984.09,0.4482758620689655,4459.85,2981.92,58,4042.03,3,Dormant Players
266,Calvin Horne,Turkey,2024-10-10,27,56,5905.66,105.45821428571428,8573.41,0.4285714285714285,2391.97,2496.86,56,2667.75,2,Regular Players
267,Matthew Miller,Syrian Arab Republic,2023-09-11,23,46,4423.89,96.17152173913044,4702.139999999999,0.4565217391304347,2288.58,2550.75,46,278.2499999999991,0,Casual Players
268,Annette Hall,Djibouti,2026-03-16,33,53,5719.97,107.92396226415094,8867.33,0.5471698113207547,2071.37,6080.23,53,3147.3599999999997,3,Dormant Players
269,Don Payne,Pitcairn Islands,2024-03-10,48,36,3598.47,99.9575,5365.71,0.5555555555555556,2792.15,2803.43,36,1767.2400000000002,0,Casual Players
270,Alicia Jackson,United States of America,2023-10-14,19,39,4018.6,103.04102564102564,5384.04,0.3846153846153846,4644.8,728.6,39,1365.44,0,Casual Players
271,Kevin Rodriguez,Antigua and Barbuda,2024-06-08,46,45,4543.87,100.97488888888888,6985.89,0.4444444444444444,526.08,389.8,45,2442.0200000000004,0,Casual Players
272,Kristi Watts,Gambia,2025-05-29,57,56,6099.87,108.92625,8524.36,0.4821428571428571,735.3,3261.21,56,2424.4900000000007,2,Regular Players
273,Kevin Guzman,Malawi,2025-08-22,43,46,3953.92,85.95478260869565,5226.05,0.5,2539.45,3287.67,46,1272.13,0,Casual Players
274,Dylan Miller,Samoa,2026-02-28,36,49,4565.33,93.17,6693.27,0.4693877551020408,1401.65,908.18,49,2127.9400000000005,0,Casual Players
275,Ashley Gonzalez,Papua New Guinea,2024-03-23,50,50,5535.61,110.7122,9155.59,0.48,2288.8199999999997,1271.91,50,3619.980000000001,2,Regular Players
276,Shawn Schwartz,Jordan,2023-09-16,43,51,5600.24,109.80862745098038,8807.09,0.4901960784313725,20.57,3457.27,51,3206.8500000000004,2,Regular Players
277,Victoria Townsend,Finland,2025-08-09,24,43,4307.34,100.1706976744186,7068.71,0.4883720930232558,462.83,2091.57,43,2761.37,0,Casual Players
278,Adrian Hughes,Angola,2024-04-13,30,32,3170.3199999999997,99.0725,5203.4,0.5,2038.61,2860.71,32,2033.08,0,Casual Players
279,Chelsea Simpson,El Salvador,2026-06-17,49,43,3969.01,92.30255813953488,7672.54,0.5581395348837209,1592.91,6221.5,43,3703.53,1,VIP Players
280,Stephanie Hays,Yemen,2024-04-08,23,38,3416.7200000000003,89.91368421052633,4176.49,0.4210526315789473,2836.98,641.1800000000001,38,759.7699999999995,0,Casual Players
281,Mary Shaw,United States of America,2025-12-14,21,53,5981.44,112.85735849056604,9828.53,0.4716981132075472,1626.65,2898.92,53,3847.090000000001,3,Dormant Players
282,Daniel Robinson,Latvia,2024-03-02,53,49,4860.89,99.20183673469388,7199.1,0.5102040816326531,2172.84,2721.9,49,2338.21,2,Regular Players
283,Ashley Bautista,Pakistan,2026-04-01,32,58,5940.59,102.42396551724138,7992.78,0.4482758620689655,3516.93,1099.59,58,2052.1899999999996,2,Regular Players
284,Heather Li,Thailand,2025-11-14,49,47,5260.47,111.92489361702128,9808.4,0.6170212765957447,1767.54,3950.64,47,4547.929999999999,1,VIP Players
285,Karen Lee,Central African Republic,2024-05-04,31,37,3674.86,99.32054054054056,5972.89,0.5135135135135135,800.5699999999999,2829.83,37,2298.03,0,Casual Players
286,Brandon Wade,Bouvet Island (Bouvetoya),2026-07-10,65,46,5152.94,112.02043478260867,11692.77,0.5869565217391305,1726.64,2149.87,46,6539.830000000001,1,VIP Players
287,Tracey Jackson,Faroe Islands,2025-03-19,33,52,5051.46,97.14346153846154,8726.63,0.5961538461538461,1968.52,2866.42,52,3675.169999999999,1,VIP Players
288,Joan Boyer,Kazakhstan,2024-05-16,40,41,4204.15,102.54024390243902,6324.85,0.4878048780487805,2785.0299999999997,3220.4100000000003,41,2120.7000000000007,0,Casual Players
289,Sean Moreno,Moldova,2024-03-07,27,55,5702.31,103.67836363636364,9432.33,0.6,1568.85,3587.08,55,3730.019999999999,3,Dormant Players
290,Bethany Patterson,San Marino,2025-11-07,37,46,4384.41,95.3132608695652,8524.47,0.5869565217391305,1150.0,4821.77,46,4140.0599999999995,1,VIP Players
291,Chelsey Williams,Solomon Islands,2023-10-09,42,56,5633.06,100.59035714285714,10546.05,0.6071428571428571,1908.56,330.37,56,4912.989999999999,3,Dormant Players
292,Emily Chambers,Central African Republic,2025-06-28,60,37,4474.47,120.93162162162164,8380.8,0.6216216216216216,1251.26,0.0,37,3906.329999999999,1,VIP Players
293,Dillon Garcia,Korea,2024-09-26,52,39,3666.09,94.0023076923077,3953.23,0.4615384615384615,963.24,4935.3099999999995,39,287.1399999999999,0,Casual Players
294,Dylan Butler,Panama,2024-07-12,56,55,4936.47,89.754,6756.12,0.4909090909090909,3631.13,6103.33,55,1819.6499999999996,2,Regular Players
295,Kristina Jackson,Norfolk Island,2025-08-04,20,41,4104.37,100.10658536585366,6741.29,0.5853658536585366,3190.38,3381.8599999999997,41,2636.92,1,VIP Players
296,Ross Allen,Tunisia,2023-09-28,59,57,5944.15,104.28333333333332,10856.88,0.5964912280701754,672.5500000000001,497.38,57,4912.73,3,Dormant Players
297,Scott James,Saint Pierre and Miquelon,2024-11-13,52,46,4555.33,99.02891304347824,6222.52,0.4565217391304347,961.86,4213.53,46,1667.1900000000005,0,Casual Players
298,Jonathan Caldwell,Poland,2026-04-12,39,51,5472.25,107.29901960784314,5958.98,0.3529411764705882,1428.45,3449.4,51,486.7299999999995,2,Regular Players
299,Steven Harmon,Bulgaria,2025-05-04,23,55,5465.45,99.37181818181818,8750.08,0.509090909090909,556.24,590.11,55,3284.63,2,Regular Players
300,Calvin Pennington,Azerbaijan,2025-07-08,54,34,3991.64,117.40117647058824,5745.82,0.4705882352941176,3291.0699999999997,3947.06,34,1754.1799999999998,0,Casual Players
301,Susan Byrd,Kuwait,2024-11-18,64,46,4146.35,90.13804347826088,3638.95,0.3478260869565217,3879.9,1281.56,46,-507.40000000000055,0,Casual Players
302,Dennis Hurst,South Georgia and the South Sandwich Islands,2023-10-26,38,58,6144.47,105.93913793103448,10017.66,0.5517241379310345,1447.23,4220.51,58,3873.19,3,Dormant Players
303,Oscar Grimes,United Arab Emirates,2024-05-31,58,53,5138.69,96.95641509433962,7617.65,0.4528301886792453,3884.8,1071.06,53,2478.96,2,Regular Players
304,Amy Carr,Jersey,2023-12-19,41,54,5217.58,96.62185185185184,9605.25,0.5925925925925926,5600.73,1783.09,54,4387.67,3,Dormant Players
305,Sean Jackson,Albania,2023-12-16,33,44,3824.75,86.92613636363636,4879.84,0.4545454545454545,3020.36,2530.9,44,1055.09,0,Casual Players
306,Andrew Knight,Grenada,2026-05-09,46,66,6533.88,98.99818181818182,9209.36,0.4242424242424242,1611.06,1136.9299999999998,66,2675.4800000000005,3,Dormant Players
307,Emily Mendez,Finland,2025-12-13,23,66,6544.18,99.15424242424244,12777.12,0.5757575757575758,3511.61,2824.9,66,6232.939999999999,3,Dormant Players
308,Frederick Ingram,Bhutan,2024-06-05,32,64,6166.84,96.356875,8749.56,0.515625,1375.13,3501.84,64,2582.7199999999993,3,Dormant Players
309,William Bush,Tonga,2025-11-02,42,54,5563.24,103.02296296296296,5817.9800000000005,0.3888888888888889,2987.1400000000003,2208.71,54,254.7400000000007,2,Regular Players
310,Michael Cox,Sierra Leone,2025-11-28,18,52,5095.42,97.98884615384615,5060.3,0.2884615384615384,2166.39,1873.5,52,-35.11999999999989,2,Regular Players
311,Mary Torres,Guatemala,2024-01-27,63,51,4846.8,95.03529411764708,6991.01,0.4509803921568627,3770.57,1047.46,51,2144.21,2,Regular Players
312,Roger Wilcox,Monaco,2025-12-25,22,55,5697.65,103.59363636363636,9593.92,0.4909090909090909,2972.3,2024.39,55,3896.27,3,Dormant Players
313,Nancy Foster MD,Marshall Islands,2025-12-21,42,70,6917.46,98.82085714285716,8590.710000000001,0.4428571428571428,5524.64,630.87,70,1673.250000000001,3,Dormant Players
314,Brett Hawkins,Fiji,2024-11-27,25,60,5813.5,96.89166666666668,8955.98,0.5166666666666667,2583.65,588.68,60,3142.4799999999996,3,Dormant Players
315,Mary Camacho,Georgia,2026-01-29,37,42,4355.4,103.7,6813.84,0.4523809523809524,2021.97,3069.88,42,2458.4400000000005,0,Casual Players
316,Steven Mason,Albania,2025-08-16,64,45,4030.37,89.56377777777777,8004.08,0.5555555555555556,1526.12,2711.72,45,3973.71,1,VIP Players
317,Teresa Jones,Guatemala,2023-11-20,34,45,4585.9,101.90888888888888,5375.33,0.4222222222222222,1238.61,3078.48,45,789.4300000000003,0,Casual Players
318,William Clark,Mexico,2025-04-09,59,49,4848.53,98.94959183673468,7968.44,0.4897959183673469,2396.72,3163.69,49,3119.9100000000008,1,VIP Players
319,Katherine Boone,Estonia,2024-08-06,40,55,6037.26,109.76836363636365,7103.22,0.3272727272727272,949.22,1373.36,55,1065.96,2,Regular Players
320,David Mccormick,Falkland Islands (Malvinas),2025-08-07,18,54,5339.01,98.87055555555555,5153.87,0.3518518518518518,1490.73,4306.21,54,-185.14000000000033,2,Regular Players
321,Christina Watson,Wallis and Futuna,2025-09-26,64,49,5235.41,106.84510204081631,9645.72,0.5510204081632653,5024.42,0.0,49,4410.3099999999995,1,VIP Players
322,Kristen Gross,Kiribati,2026-06-14,26,53,4937.61,93.16245283018868,6822.969999999999,0.4150943396226415,208.19,938.87,53,1885.3599999999997,2,Regular Players
323,Brandy Harris,Brunei Darussalam,2024-07-09,30,53,5765.21,108.77754716981131,6198.97,0.4528301886792453,2656.62,1089.99,53,433.7600000000002,2,Regular Players
324,Aaron Stuart,Mauritius,2024-03-03,37,52,5719.28,109.98615384615384,9102.53,0.5192307692307693,3494.99,4435.02,52,3383.249999999999,3,Dormant Players
325,Felicia Brandt,Botswana,2026-03-18,31,49,4840.16,98.77877551020408,5222.65,0.4081632653061224,4074.17,3831.51,49,382.4899999999998,0,Casual Players
326,Dennis Crosby,Peru,2026-06-06,29,52,4785.0,92.01923076923076,9596.79,0.5384615384615384,3854.99,919.13,52,4811.790000000001,1,VIP Players
327,Aaron Becker,Belgium,2024-02-24,18,49,4886.99,99.73448979591836,7773.88,0.4489795918367347,1575.02,1618.37,49,2886.8900000000003,2,Regular Players
328,Emily Williams,Togo,2025-10-14,28,48,4258.04,88.70916666666666,6441.78,0.5208333333333334,3210.9,630.04,48,2183.74,0,Casual Players
329,Kerry Leon,Afghanistan,2025-06-06,62,48,4370.27,91.04729166666668,6033.43,0.4583333333333333,5426.22,631.64,48,1663.16,0,Casual Players
330,Angela Hess,Sudan,2026-01-19,39,57,4991.92,87.57754385964913,6719.54,0.4210526315789473,1338.79,3391.99,57,1727.62,2,Regular Players
331,Kathleen Rodgers,Zimbabwe,2023-12-11,57,58,5952.78,102.63413793103447,9452.93,0.5344827586206896,2920.99,3871.43,58,3500.1500000000005,3,Dormant Players
332,Meagan Lewis,Northern Mariana Islands,2023-10-01,35,49,4807.88,98.12,6999.79,0.5510204081632653,4003.24,1072.17,49,2191.91,1,VIP Players
333,Alan Sandoval,Mongolia,2025-01-09,22,63,6256.33,99.3068253968254,10824.26,0.5238095238095238,2939.1099999999997,8210.63,63,4567.93,3,Dormant Players
334,Thomas Lucas,Barbados,2024-05-14,45,35,3550.25,101.43571428571428,8070.66,0.6285714285714286,2907.11,2496.16,35,4520.41,1,VIP Players
335,James Graves,Finland,2024-05-26,25,48,4879.9800000000005,101.66625,7975.24,0.5,2259.7,3250.16,48,3095.2599999999993,1,VIP Players
336,Danny Kramer,Marshall Islands,2023-11-20,53,41,3863.5,94.23170731707316,6552.78,0.5853658536585366,2099.45,1311.48,41,2689.2799999999997,0,Casual Players
337,Stacey Massey,Chad,2025-01-08,21,54,5344.78,98.9774074074074,7865.98,0.4814814814814814,3430.21,628.58,54,2521.2,2,Regular Players
338,Amy Camacho,Switzerland,2025-09-15,38,67,7979.6,119.09850746268656,12273.08,0.4776119402985074,2621.61,1578.4299999999998,67,4293.48,3,Dormant Players
339,Jacob Martinez,Cote d'Ivoire,2023-08-06,43,47,5080.03,108.08574468085106,7463.43,0.4680851063829787,3473.59,1959.46,47,2383.4000000000005,2,Regular Players
340,Jeremy Coffey,Vanuatu,2025-03-26,32,48,5419.04,112.89666666666666,6715.49,0.4583333333333333,770.87,798.37,48,1296.4499999999998,2,Regular Players
341,Vincent Ryan,Nicaragua,2025-03-01,30,49,4749.82,96.93510204081632,5753.12,0.4285714285714285,1771.12,1659.69,49,1003.3000000000002,0,Casual Players
342,Amy George,Heard Island and McDonald Islands,2026-05-24,64,51,4481.77,87.87784313725491,6188.53,0.5686274509803921,2674.13,1345.4,51,1706.7599999999993,0,Casual Players
343,Justin Cummings,Morocco,2023-08-29,60,49,5359.8,109.38367346938776,7879.73,0.4489795918367347,2860.57,2135.55,49,2519.9299999999994,2,Regular Players
344,Darrell Ponce,Liechtenstein,2025-12-02,60,46,4113.2699999999995,89.41891304347826,6620.99,0.5217391304347826,3286.48,2962.4300000000003,46,2507.7200000000003,0,Casual Players
345,Jonathan Davis,Paraguay,2026-04-06,58,51,4913.48,96.3427450980392,5997.69,0.3333333333333333,3845.3,4652.4400000000005,51,1084.21,2,Regular Players
346,Brenda Le,Austria,2025-07-08,31,52,4582.27,88.12057692307692,5569.38,0.4423076923076923,2339.41,1690.09,52,987.1099999999996,2,Regular Players
347,Elijah Clark,Bouvet Island (Bouvetoya),2023-12-18,54,49,4269.84,87.1395918367347,5211.099999999999,0.4081632653061224,1112.45,1806.93,49,941.2599999999992,0,Casual Players
348,Rodney Mcbride,Trinidad and Tobago,2025-01-20,63,47,4025.61,85.65127659574469,6399.54,0.5531914893617021,3381.56,1260.54,47,2373.93,0,Casual Players
349,Jeanette Smith,Venezuela,2025-05-29,56,45,4439.81,98.66244444444445,7511.94,0.4888888888888889,1146.4299999999998,458.73,45,3072.13,0,Casual Players
350,Kenneth Mitchell,Burundi,2024-12-01,42,39,4172.88,106.99692307692308,4668.38,0.4358974358974359,995.16,1632.65,39,495.5,0,Casual Players
351,Kelly Stokes,North Macedonia,2026-07-16,61,47,4901.38,104.28468085106384,8306.09,0.5319148936170213,2969.39,3688.68,47,3404.71,1,VIP Players
352,Bob Walker,Martinique,2023-08-10,20,42,4467.87,106.37785714285714,7964.22,0.6190476190476191,1665.13,4898.57,42,3496.3500000000004,1,VIP Players
353,Monica Anderson,Vanuatu,2025-11-27,33,47,4804.44,102.22212765957444,8431.74,0.6170212765957447,6126.58,2977.3199999999997,47,3627.3,1,VIP Players
354,Denise Day,Northern Mariana Islands,2024-05-28,62,48,4717.3,98.27708333333334,10042.18,0.6041666666666666,528.96,3131.35,48,5324.88,1,VIP Players
355,Natasha Taylor,Vietnam,2025-02-16,45,57,5494.66,96.39754385964912,8408.2,0.4736842105263157,501.81,2304.67,57,2913.540000000001,2,Regular Players
356,Eduardo Salas,Bermuda,2025-06-22,45,57,6247.99,109.6138596491228,9975.53,0.5964912280701754,4403.11,761.4200000000001,57,3727.540000000001,3,Dormant Players
357,Kevin Jones,Guatemala,2026-06-26,60,59,5990.46,101.53322033898306,8827.73,0.423728813559322,3520.6499999999996,2796.9700000000003,59,2837.2699999999995,3,Dormant Players
358,Robert Harris,Panama,2026-01-07,22,42,4143.59,98.65690476190476,6704.55,0.5,3321.19,1777.82,42,2560.96,0,Casual Players
359,Scott Lambert,Panama,2024-02-08,55,40,3734.64,93.366,7182.61,0.675,1261.53,4075.3,40,3447.97,1,VIP Players
360,Richard Kelly,Vanuatu,2025-07-09,54,57,5911.03,103.70228070175438,8950.2,0.5087719298245614,258.07,1682.14,57,3039.170000000001,3,Dormant Players
361,Christopher Weiss,Central African Republic,2026-05-30,56,47,4884.34,103.92212765957449,9248.72,0.5531914893617021,1342.35,2275.61,47,4364.379999999999,1,VIP Players
362,Melissa Glover,Ethiopia,2025-09-27,37,49,4336.9800000000005,88.50979591836736,3434.77,0.4081632653061224,2935.89,2111.86,49,-902.2100000000004,0,Casual Players
363,Brian Yang,Maldives,2025-07-24,32,40,3821.27,95.53175,3785.04,0.35,1031.11,3372.32,40,-36.23000000000002,0,Casual Players
364,Lori Price,Pitcairn Islands,2025-03-13,51,50,5365.79,107.3158,6940.64,0.42,949.58,2422.9,50,1574.8500000000004,2,Regular Players
365,Colleen Crosby,Saint Helena,2024-12-16,40,47,4439.49,94.45723404255318,6783.31,0.5319148936170213,1391.41,2054.83,47,2343.8200000000006,0,Casual Players
366,Michael Guzman,Singapore,2025-10-31,45,60,5990.32,99.83866666666668,8505.5,0.4833333333333333,2805.7,793.36,60,2515.1800000000003,3,Dormant Players
367,Jay Gonzalez,Guatemala,2025-09-08,20,53,5857.2699999999995,110.51452830188678,8213.6,0.4716981132075472,1834.31,2685.8,53,2356.330000000001,2,Regular Players
368,Jacob Sanders,Thailand,2025-07-12,31,42,4043.65,96.27738095238097,6439.41,0.5,3101.98,348.6,42,2395.76,0,Casual Players
369,Thomas Fox,Bolivia,2023-10-26,50,40,4277.23,106.93075,4270.13,0.375,5110.14,3434.9,40,-7.099999999999454,0,Casual Players
370,Paul Murray,Indonesia,2024-07-29,42,60,6757.37,112.62283333333332,11216.47,0.5166666666666667,4668.47,1561.89,60,4459.099999999999,3,Dormant Players
371,Travis Walton,Gabon,2023-12-26,40,59,6826.01,115.69508474576271,10163.2,0.5084745762711864,1863.42,1724.56,59,3337.1900000000005,3,Dormant Players
372,Jessica Hart,South Africa,2024-05-24,20,55,5852.63,106.41145454545456,11252.16,0.5818181818181818,2379.0,1848.5,55,5399.53,3,Dormant Players
373,Justin Walker,Myanmar,2026-06-24,57,50,5457.93,109.1586,7736.43,0.44,2848.54,2506.77,50,2278.5,2,Regular Players
374,Debra Morales,Venezuela,2026-04-26,22,55,6125.19,111.3670909090909,9678.59,0.509090909090909,1871.27,1456.48,55,3553.4000000000005,3,Dormant Players
375,Mary Hill,Iceland,2024-02-27,23,41,3713.93,90.58365853658536,4778.9,0.4390243902439024,3802.75,3970.41,41,1064.9699999999998,0,Casual Players
376,Shawn Mcneil,Singapore,2023-11-11,41,48,5145.5599999999995,107.19916666666666,7609.58,0.5208333333333334,573.52,2162.97,48,2464.0200000000004,1,VIP Players
377,Catherine Hayes,Cyprus,2025-06-21,29,38,3583.69,94.30763157894737,4960.97,0.4210526315789473,1105.17,3335.83,38,1377.2800000000002,0,Casual Players
378,Damon Anderson,San Marino,2026-01-29,49,54,5129.9,94.99814814814816,7930.37,0.5555555555555556,1804.67,1701.86,54,2800.4700000000003,2,Regular Players
379,Kyle Higgins,Kiribati,2026-01-12,46,36,3932.67,109.24083333333334,7259.49,0.5833333333333334,1806.5,2570.56,36,3326.8199999999997,1,VIP Players
380,Jeffrey Davis,Lebanon,2024-02-27,48,55,5773.22,104.96763636363636,8764.92,0.4909090909090909,3418.65,1600.1,55,2991.7,3,Dormant Players
381,Wendy Pacheco,Sierra Leone,2024-04-15,47,63,5947.32,94.40190476190476,9895.56,0.492063492063492,4689.73,1937.73,63,3948.24,3,Dormant Players
382,Christopher Turner,Saint Vincent and the Grenadines,2025-08-21,40,50,5094.04,101.8808,9231.89,0.54,2114.71,2792.74,50,4137.849999999999,1,VIP Players
383,Matthew Foster,Haiti,2026-04-01,35,55,5685.21,103.36745454545456,8710.17,0.5636363636363636,2347.05,3204.2200000000003,55,3024.96,3,Dormant Players
384,Ann Benjamin MD,Fiji,2024-05-28,18,58,5963.4,102.81724137931032,9541.36,0.6206896551724138,3927.62,1237.9499999999998,58,3577.960000000001,3,Dormant Players
385,Joseph Tran,Saint Lucia,2025-04-12,54,52,5242.78,100.82269230769232,8835.19,0.5384615384615384,3189.84,2291.4,52,3592.4100000000008,1,VIP Players
386,Debra Peck,Namibia,2023-10-04,45,45,3896.91,86.598,5684.43,0.4888888888888889,936.75,2482.39,45,1787.5200000000004,0,Casual Players
387,Casey Vance,Tajikistan,2025-11-10,39,39,3459.47,88.70435897435897,5339.51,0.5897435897435898,1565.06,3301.28,39,1880.0400000000004,0,Casual Players
388,Clarence Nelson,Martinique,2024-04-27,32,52,5152.67,99.08980769230767,7401.65,0.5,3060.33,1751.17,52,2248.9799999999996,2,Regular Players
389,Lisa Williams,South Africa,2023-11-28,23,50,5425.09,108.5018,7631.67,0.48,4245.53,3364.71,50,2206.58,2,Regular Players
390,Robert Scott,Barbados,2023-07-19,59,40,3663.29,91.58225,7022.9,0.5,3072.6,1773.15,40,3359.6099999999997,0,Casual Players
391,Jaime Morrow,Nigeria,2025-05-08,19,49,4637.34,94.6395918367347,6971.25,0.4693877551020408,2354.4,3090.5,49,2333.91,2,Regular Players
392,Dana Aguilar,Antigua and Barbuda,2024-01-14,22,45,5148.16,114.40355555555556,9657.9,0.5777777777777777,2193.05,3882.09,45,4509.74,1,VIP Players
393,Brady Stevens,Burkina Faso,2025-07-29,52,50,5177.17,103.5434,10867.07,0.56,2804.19,1705.94,50,5689.9,1,VIP Players
394,Nathan Todd,Antigua and Barbuda,2024-12-10,43,52,5589.87,107.4975,9853.88,0.5,1471.98,2984.08,52,4264.009999999999,3,Dormant Players
395,Lori Knight,Tunisia,2025-11-12,22,43,3906.11,90.83976744186047,5818.38,0.5116279069767442,3551.46,3694.51,43,1912.27,0,Casual Players
396,Elizabeth Pennington,Benin,2025-05-19,54,48,5093.95,106.12395833333332,6468.86,0.4166666666666667,3938.9,2620.9,48,1374.91,2,Regular Players
397,Charles Mclaughlin,Iran,2024-02-27,32,65,5797.19,89.18753846153845,6278.1,0.4153846153846154,562.72,1261.03,65,480.9100000000008,2,Regular Players
398,Debbie Alvarez,Cook Islands,2026-03-13,23,57,5113.67,89.71350877192982,8740.4,0.5614035087719298,2033.18,1772.46,57,3626.73,3,Dormant Players
399,Shane Perez,Bhutan,2025-07-13,52,51,5427.82,106.4278431372549,8453.84,0.4313725490196078,1889.89,840.05,51,3026.0200000000004,2,Regular Players
400,Linda Davis,Haiti,2023-12-24,63,54,5344.54,98.97296296296297,8729.07,0.4629629629629629,1899.33,873.31,54,3384.5299999999997,2,Regular Players
401,Donna Wade,Malaysia,2023-11-10,20,42,4921.14,117.17,7783.72,0.4761904761904761,1301.05,3900.99,42,2862.58,1,VIP Players
402,Mary Jacobson,Georgia,2024-09-03,41,42,4204.89,100.1164285714286,7607.719999999999,0.5476190476190477,2951.04,1945.69,42,3402.829999999999,1,VIP Players
403,Matthew Ball,Malawi,2025-12-21,62,56,6006.01,107.25017857142858,10417.05,0.5,2340.53,1806.91,56,4411.039999999999,3,Dormant Players
404,Blake Alvarez,Solomon Islands,2025-06-05,57,51,4951.38,97.08588235294118,6956.62,0.5686274509803921,2244.1,3995.78,51,2005.24,1,VIP Players
405,Marcus Howard,Macao,2026-06-05,45,41,3634.87,88.65536585365854,3865.02,0.4634146341463415,1778.38,2213.37,41,230.1500000000001,0,Casual Players
406,Christine Smith,Guadeloupe,2025-09-20,50,49,4876.09,99.51204081632652,10354.86,0.6326530612244898,489.56,4564.29,49,5478.77,1,VIP Players
407,Robert Ford,Zimbabwe,2024-11-25,54,59,6403.6,108.535593220339,8254.25,0.4745762711864407,5844.36,4199.97,59,1850.6499999999996,3,Dormant Players
408,Roger Hays,Falkland Islands (Malvinas),2025-08-09,36,43,4775.6,111.06046511627908,8213.64,0.5581395348837209,4115.72,3071.23,43,3438.039999999999,1,VIP Players
409,Whitney Lopez,Romania,2026-07-16,50,53,5822.84,109.86490566037736,8037.1,0.4528301886792453,5436.85,2627.4,53,2214.26,2,Regular Players
410,Dana Massey,Ghana,2024-07-28,31,38,3751.49,98.72342105263158,4772.74,0.4473684210526316,1836.37,1287.45,38,1021.25,0,Casual Players
411,Michael Ellison,Holy See (Vatican City State),2026-06-20,36,49,4857.47,99.13204081632654,7236.44,0.4693877551020408,2347.56,2670.31,49,2378.9699999999993,2,Regular Players
412,Thomas Campbell DDS,Russian Federation,2026-06-25,41,48,4475.2699999999995,93.23479166666664,8113.11,0.5416666666666666,2973.12,2660.91,48,3637.84,1,VIP Players
413,Linda Shaw,Saint Vincent and the Grenadines,2025-08-06,36,53,5500.11,103.77566037735848,11262.26,0.6226415094339622,2576.46,3381.84,53,5762.150000000001,3,Dormant Players
414,James Harris,Djibouti,2024-11-27,60,55,5214.02,94.80036363636364,8353.7,0.509090909090909,1536.52,1866.54,55,3139.6800000000003,2,Regular Players
415,Samuel Simmons,Burkina Faso,2024-04-04,57,60,6388.19,106.46983333333333,11043.19,0.5166666666666667,1151.45,940.32,60,4655.000000000001,3,Dormant Players
416,Sherry Estrada,Grenada,2025-06-26,25,52,5386.34,103.58346153846152,5972.73,0.3653846153846153,2117.71,3187.31,52,586.3899999999994,2,Regular Players
417,Megan Drake,Zambia,2026-03-24,58,48,5383.92,112.165,7526.58,0.4583333333333333,1997.28,1271.21,48,2142.66,2,Regular Players
418,Monica Grant,Dominica,2026-03-05,48,53,5408.33,102.04396226415096,4691.37,0.3584905660377358,1202.81,1383.64,53,-716.96,2,Regular Players
419,Jonathan Atkinson,Poland,2023-10-04,37,59,6256.46,106.04169491525424,10100.87,0.5423728813559322,3186.18,2838.26,59,3844.4100000000008,3,Dormant Players
420,Michael Scott,Croatia,2025-06-08,41,50,4810.35,96.207,6895.78,0.48,1418.51,2196.54,50,2085.4299999999994,2,Regular Players
421,Jason Willis,Namibia,2023-08-25,46,40,3983.48,99.587,8001.73,0.6,2306.15,2577.71,40,4018.250000000001,1,VIP Players
422,Katelyn Browning,Mexico,2025-07-07,45,56,4904.79,87.58553571428571,4915.14,0.3392857142857143,642.09,2740.02,56,10.350000000000364,2,Regular Players
423,Amber Frey,Norfolk Island,2024-07-07,45,50,5116.5,102.33,10097.75,0.6,2729.1,1870.27,50,4981.25,1,VIP Players
424,Mark Howard,Slovakia (Slovak Republic),2026-05-10,54,54,4818.73,89.23574074074074,6818.65,0.5185185185185185,2294.4700000000003,2592.76,54,1999.92,2,Regular Players
425,Debra Pierce,Latvia,2024-05-09,30,51,5672.97,111.23470588235294,11120.33,0.5098039215686274,1880.05,2206.59,51,5447.36,3,Dormant Players
426,Anthony Davis,American Samoa,2023-10-31,57,47,4185.49,89.05297872340425,5356.7300000000005,0.4680851063829787,3247.43,2730.6000000000004,47,1171.2400000000007,0,Casual Players
427,Stephanie Turner,Brunei Darussalam,2024-08-24,37,54,6273.46,116.1751851851852,11271.44,0.5370370370370371,913.74,1950.13,54,4997.9800000000005,3,Dormant Players
428,William Vaughn,Qatar,2024-03-26,54,47,5321.45,113.22234042553193,6854.95,0.4042553191489361,1419.77,2137.0,47,1533.5,2,Regular Players
429,Erika Aguilar,Ukraine,2024-06-05,34,46,4884.9,106.19347826086955,8549.48,0.6086956521739131,2321.91,1267.66,46,3664.58,1,VIP Players
430,Aaron Lee,Guernsey,2024-07-26,53,41,4836.88,117.97268292682926,8786.65,0.5365853658536586,1791.62,825.63,41,3949.769999999999,1,VIP Players
431,Mary Stein,Cambodia,2026-01-10,31,51,4988.35,97.81078431372548,9763.93,0.5686274509803921,2035.35,1624.14,51,4775.58,1,VIP Players
432,Stephanie Martin,Isle of Man,2026-02-12,34,49,4957.37,101.1708163265306,8390.23,0.5918367346938775,2817.3,3412.69,49,3432.8599999999997,1,VIP Players
433,Brittany Harris,Cape Verde,2024-02-07,62,55,6327.06,115.03745454545457,12025.84,0.5818181818181818,4062.64,2882.54,55,5698.78,3,Dormant Players
434,Michelle Mckenzie,Honduras,2023-07-30,64,44,3892.06,88.45590909090909,5151.04,0.4772727272727273,2798.72,629.1899999999999,44,1258.98,0,Casual Players
435,Sara Keller,Korea,2023-09-19,65,51,4932.21,96.71,9111.16,0.5882352941176471,2948.15,2325.45,51,4178.95,1,VIP Players
436,Ashley Massey,North Macedonia,2026-01-13,31,49,5002.31,102.08795918367348,9658.49,0.5510204081632653,3964.83,805.0899999999999,49,4656.179999999999,1,VIP Players
437,Nicole Douglas,Andorra,2024-12-10,28,52,5110.68,98.2823076923077,10161.43,0.5192307692307693,1449.75,2058.05,52,5050.75,1,VIP Players
438,Mrs. Elizabeth Farmer,Cyprus,2023-12-13,56,54,5424.98,100.4625925925926,5869.97,0.3518518518518518,2713.89,3223.41,54,444.9900000000007,2,Regular Players
439,Linda Yu,San Marino,2025-12-17,50,40,3649.42,91.2355,6517.96,0.475,2465.73,1022.09,40,2868.54,0,Casual Players
440,Mary Gillespie,Tajikistan,2026-04-09,25,54,4704.04,87.11185185185185,5953.29,0.4814814814814814,2498.2200000000003,1728.82,54,1249.25,2,Regular Players
441,Mary Holden MD,Andorra,2026-06-24,40,51,5163.63,101.24764705882352,8002.56,0.4509803921568627,247.89,5427.03,51,2838.9299999999994,2,Regular Players
442,Brandon Guerrero,Sudan,2026-05-25,44,40,4229.59,105.73975,6612.36,0.375,3292.35,2430.9700000000003,40,2382.7699999999995,0,Casual Players
443,Randy Brady,Tunisia,2026-05-11,28,44,4160.49,94.5565909090909,6285.96,0.4772727272727273,1927.86,724.7,44,2125.4700000000003,0,Casual Players
444,Timothy Simmons,Guadeloupe,2024-01-24,47,50,4802.43,96.0486,6633.3,0.4,4810.38,232.44,50,1830.87,2,Regular Players
445,Lauren Adams,Sri Lanka,2023-10-27,60,52,4881.41,93.87326923076922,7074.25,0.4423076923076923,2299.75,1748.35,52,2192.84,2,Regular Players
446,Lisa Escobar,Slovenia,2024-03-03,63,50,5216.13,104.3226,7049.38,0.46,2121.36,5510.99,50,1833.25,2,Regular Players
447,Edwin Kim,Sri Lanka,2024-06-12,23,60,6365.32,106.08866666666668,10333.96,0.5,1867.48,988.85,60,3968.6399999999994,3,Dormant Players
448,Brandon Burns,United Kingdom,2025-10-26,62,46,4513.81,98.12630434782608,7604.01,0.5,3167.82,5303.6,46,3090.2,1,VIP Players
449,Christine Hart,Uruguay,2024-07-28,59,40,3889.77,97.24425,7417.98,0.575,703.56,2031.34,40,3528.2099999999996,1,VIP Players
450,Mary Andrews,Paraguay,2026-05-10,40,53,5267.29,99.38283018867924,9698.21,0.5660377358490566,1651.55,5632.95,53,4430.920000000001,1,VIP Players
451,Joseph Kemp,Grenada,2025-08-27,19,51,4976.17,97.57196078431372,7084.68,0.5098039215686274,3498.87,4312.74,51,2108.51,2,Regular Players
452,Madison Green,Spain,2026-02-08,58,51,5640.39,110.5958823529412,9006.07,0.5294117647058824,3962.89,3365.25,51,3365.6799999999994,3,Dormant Players
453,Amber Aguirre,Seychelles,2025-08-30,29,47,4402.56,93.67148936170214,5457.7,0.425531914893617,3973.68,1598.28,47,1055.1399999999994,0,Casual Players
454,Jessica Sweeney,United States of America,2026-04-18,34,52,5094.21,97.96557692307692,7347.25,0.5,3779.03,2830.05,52,2253.04,2,Regular Players
455,Aaron Mccarthy,French Southern Territories,2025-02-08,26,52,5268.64,101.32,8826.09,0.5,2521.7200000000003,3100.43,52,3557.45,1,VIP Players
456,Mark Martin,Cote d'Ivoire,2025-09-27,43,42,3307.93,78.7602380952381,3800.0,0.4285714285714285,2056.5,2299.7,42,492.07000000000016,0,Casual Players
457,Karen Brown,Rwanda,2025-10-25,30,48,4828.53,100.594375,10695.22,0.625,186.55,1088.05,48,5866.69,1,VIP Players
458,Douglas Lewis,Guinea-Bissau,2025-09-23,35,51,5126.59,100.52137254901962,7489.79,0.4901960784313725,3174.72,2016.23,51,2363.2,2,Regular Players
459,Wendy Adams,Bulgaria,2024-04-22,62,53,5562.889999999999,104.96018867924528,8685.03,0.5471698113207547,4132.58,3028.84,53,3122.1400000000012,3,Dormant Players
460,Leah Holt,Holy See (Vatican City State),2023-11-16,24,53,4726.07,89.17113207547169,6633.22,0.4716981132075472,1336.17,3135.88,53,1907.1500000000003,2,Regular Players
461,Justin Lee,Grenada,2025-08-11,49,56,5499.37,98.20303571428572,10374.94,0.6428571428571429,1952.86,897.1800000000001,56,4875.570000000001,3,Dormant Players
462,Natalie Thomas,Cyprus,2025-08-02,49,52,6266.05,120.50096153846154,10446.96,0.4807692307692308,1127.67,5253.54,52,4180.910000000001,3,Dormant Players
463,Rhonda Navarro,Thailand,2023-10-25,19,61,6538.51,107.18868852459016,11215.32,0.5245901639344263,3102.93,2883.68,61,4676.8099999999995,3,Dormant Players
464,Dr. John Kelly,Pakistan,2025-06-20,18,49,5183.38,105.78326530612244,9600.81,0.5306122448979592,3303.3199999999997,3177.94,49,4417.429999999999,1,VIP Players
465,Caitlyn Watts,Svalbard & Jan Mayen Islands,2025-02-15,42,60,6198.8,103.31333333333332,9502.39,0.45,335.21,1803.81,60,3303.5899999999992,3,Dormant Players
466,Kyle Johnson,Guadeloupe,2025-08-19,23,56,5367.0599999999995,95.84035714285712,8865.13,0.5178571428571429,910.69,2949.9700000000003,56,3498.0699999999997,3,Dormant Players
467,Adam Allen,Oman,2026-06-21,24,57,5375.42,94.30561403508771,7092.2699999999995,0.5087719298245614,3522.02,1875.45,57,1716.8499999999997,2,Regular Players
468,Tammie Hodges,Nauru,2025-07-05,37,46,4312.66,93.75347826086956,6291.24,0.5434782608695652,1899.51,846.62,46,1978.58,0,Casual Players
469,Annette Marshall,Colombia,2025-03-11,24,56,5442.68,97.1907142857143,9057.79,0.5535714285714286,2515.87,2511.4,56,3615.1100000000006,3,Dormant Players
470,Taylor Adams,Sri Lanka,2025-05-05,57,57,6497.81,113.99666666666668,12440.2,0.543859649122807,2652.2200000000003,781.4200000000001,57,5942.39,3,Dormant Players
471,Rachel Mclaughlin,Suriname,2024-08-25,48,54,5035.16,93.2437037037037,9389.6,0.5,2510.01,1588.78,54,4354.4400000000005,3,Dormant Players
472,Paul Lopez,Belarus,2026-03-19,64,37,3303.71,89.28945945945947,6159.02,0.5675675675675675,2345.31,3401.59,37,2855.3100000000004,0,Casual Players
473,Adrian Nelson,Niger,2023-07-31,43,58,5676.62,97.87275862068964,5933.56,0.4310344827586206,2974.33,957.94,58,256.9400000000005,2,Regular Players
474,Paul Mccall,Sri Lanka,2024-08-30,20,62,6513.59,105.05790322580646,8619.53,0.4677419354838709,928.69,3204.11,62,2105.9400000000005,3,Dormant Players
475,Raymond Mills,Finland,2024-02-18,22,34,3670.68,107.96117647058824,5068.22,0.5588235294117647,2553.54,2003.86,34,1397.5400000000004,0,Casual Players
476,Cindy Miller,Aruba,2024-09-21,55,38,3526.4700000000003,92.80184210526316,5318.1900000000005,0.4473684210526316,2076.94,3425.9700000000003,38,1791.7200000000005,0,Casual Players
477,Sean Richardson,Honduras,2023-10-29,40,53,5203.41,98.17754716981132,8346.78,0.490566037735849,1577.47,1333.63,53,3143.370000000001,2,Regular Players
478,Sabrina Black,Costa Rica,2025-07-29,30,63,6099.89,96.8236507936508,8827.07,0.4603174603174603,2728.5,2893.26,63,2727.1799999999994,3,Dormant Players
479,John Flores,Japan,2024-07-17,63,44,4452.99,101.20431818181818,5082.06,0.4545454545454545,3126.49,2349.69,44,629.0700000000006,0,Casual Players
480,Justin Lam,Nauru,2026-01-08,61,53,5946.43,112.1967924528302,10317.33,0.5094339622641509,3582.1600000000003,1607.64,53,4370.9,3,Dormant Players
481,Eric Garcia,Italy,2025-03-07,51,63,5562.77,88.29793650793651,9190.73,0.492063492063492,728.93,3275.15,63,3627.959999999999,3,Dormant Players
482,Troy Allison,Haiti,2026-04-21,58,44,3375.66,76.71954545454545,6664.06,0.5681818181818182,2766.26,1421.31,44,3288.4000000000005,0,Casual Players
483,Troy Butler,Seychelles,2025-02-03,31,56,5630.77,100.5494642857143,8088.13,0.5178571428571429,1969.09,1656.31,56,2457.3599999999997,2,Regular Players
484,Samuel Wilson,Belarus,2024-08-18,25,52,5215.75,100.3028846153846,9731.03,0.6538461538461539,1308.94,2528.55,52,4515.280000000001,1,VIP Players
485,Jennifer Smith,Thailand,2026-02-12,25,50,4857.03,97.1406,10607.12,0.56,799.03,3421.98,50,5750.090000000001,1,VIP Players
486,Tina Thomas,Portugal,2025-02-15,40,52,5010.23,96.35057692307691,7621.860000000001,0.4615384615384615,1216.32,1113.28,52,2611.630000000001,2,Regular Players
487,Larry Roberts,Somalia,2023-09-11,32,56,5901.25,105.37946428571428,11142.42,0.5892857142857143,2662.34,2317.45,56,5241.17,3,Dormant Players
488,Courtney Solomon,Belarus,2025-02-20,26,51,5474.2300000000005,107.33784313725492,8170.07,0.4509803921568627,709.6,3211.94,51,2695.8399999999992,2,Regular Players
489,Edward Edwards,Saint Pierre and Miquelon,2024-01-24,41,58,6135.89,105.79120689655171,6058.08,0.3620689655172414,2893.22,4081.96,58,-77.8100000000004,2,Regular Players
490,Kelsey Bryant,Zambia,2023-11-24,58,62,6583.94,106.19258064516129,11176.72,0.5483870967741935,4558.55,4315.01,62,4592.78,3,Dormant Players
491,Kathy Lewis,South Georgia and the South Sandwich Islands,2025-03-25,50,44,5144.63,116.92340909090908,9080.11,0.5227272727272727,2195.98,2548.59,44,3935.480000000001,1,VIP Players
492,Mary Hernandez,Egypt,2023-08-20,41,45,4583.48,101.8551111111111,7761.18,0.5555555555555556,2984.64,2476.39,45,3177.7000000000007,1,VIP Players
493,Glen Peterson,French Guiana,2024-11-15,54,53,6389.29,120.55264150943395,10995.24,0.490566037735849,2610.6099999999997,1370.25,53,4605.95,3,Dormant Players
494,Richard Ramos,Tuvalu,2026-05-23,63,56,5667.39,101.20339285714286,10228.92,0.5178571428571429,2868.29,1386.74,56,4561.53,3,Dormant Players
495,David Hill,Afghanistan,2025-05-13,33,43,4466.78,103.8786046511628,7767.280000000001,0.5348837209302325,4658.11,4731.28,43,3300.500000000001,1,VIP Players
496,Lauren Davies,Falkland Islands (Malvinas),2024-08-23,56,45,4320.25,96.00555555555556,5142.95,0.4888888888888889,2701.3,2299.67,45,822.6999999999998,0,Casual Players
497,Sheri Dorsey,Nauru,2026-06-02,53,54,5789.08,107.2051851851852,9256.94,0.5,1759.54,1602.24,54,3467.8600000000006,3,Dormant Players
498,James Lucas,Chile,2024-01-17,40,54,5041.85,93.3675925925926,5382.37,0.4814814814814814,1930.24,1586.65,54,340.5199999999995,2,Regular Players
499,Valerie Clarke,Belize,2024-07-04,62,50,5644.07,112.8814,10777.85,0.6,3260.29,2050.93,50,5133.780000000001,3,Dormant Players
500,Daryl Howard,Comoros,2023-07-17,63,65,5908.99,90.90753846153846,10444.9,0.6,5156.78,1050.02,65,4535.91,3,Dormant Players
501,Charles Ibarra,Venezuela,2024-08-24,22,53,5895.34,111.23283018867924,7262.5,0.4150943396226415,4229.65,4935.09,53,1367.16,2,Regular Players
502,James Johnson,Honduras,2023-10-01,32,32,3285.2,102.6625,6308.650000000001,0.59375,3129.95,4028.67,32,3023.4500000000007,0,Casual Players
503,Lucas Edwards,Estonia,2026-03-20,43,54,5267.66,97.54925925925926,6683.85,0.4814814814814814,3557.5,4436.38,54,1416.1900000000005,2,Regular Players
504,Richard Mack,Timor-Leste,2024-09-23,28,49,3965.43,80.92714285714285,7573.46,0.5102040816326531,2493.0,1830.88,49,3608.03,0,Casual Players
505,Valerie Webb,Tokelau,2024-07-26,29,51,5548.16,108.78745098039217,9716.95,0.5490196078431373,1598.44,4036.36,51,4168.790000000001,1,VIP Players
506,John Bishop,Qatar,2023-12-03,21,46,5084.91,110.54152173913045,6263.17,0.5,1679.71,2668.0,46,1178.2600000000002,2,Regular Players
507,Robert Walker,Iraq,2026-04-24,28,47,4245.53,90.33042553191488,6739.96,0.5106382978723404,1915.43,2481.94,47,2494.4300000000003,0,Casual Players
508,Ashley Wilson,Dominica,2025-05-21,18,51,5270.26,103.33843137254902,8969.039999999999,0.5098039215686274,2314.51,3383.62,51,3698.779999999999,1,VIP Players
509,Stephanie Rodriguez,Nigeria,2025-07-27,20,32,2823.92,88.2475,3812.02,0.375,1597.7,2533.0,32,988.1,0,Casual Players
510,Kim Matthews,Senegal,2025-10-02,32,51,5114.71,100.28843137254904,7405.7,0.5098039215686274,3276.28,1817.96,51,2290.99,2,Regular Players
511,Melissa Underwood,Argentina,2024-08-01,25,51,5000.13,98.04176470588236,7136.82,0.4901960784313725,4038.07,191.52,51,2136.6899999999996,2,Regular Players
512,Michael Meadows,Uganda,2025-08-01,52,63,6307.71,100.12238095238096,13298.66,0.6190476190476191,1087.85,2620.85,63,6990.95,3,Dormant Players
513,Stephanie Arnold,Rwanda,2024-12-13,23,50,5356.47,107.1294,9678.86,0.5,2449.5299999999997,3232.68,50,4322.39,1,VIP Players
514,Holly Wagner,Luxembourg,2024-04-09,39,47,5071.97,107.91425531914894,8780.98,0.5106382978723404,646.6099999999999,3678.5,47,3709.0099999999993,1,VIP Players
515,Wesley Johnson,Tanzania,2025-10-12,40,48,3937.33,82.02770833333334,7325.87,0.5,2953.85,3463.2,48,3388.54,0,Casual Players
516,Amy Miller,Benin,2026-01-02,28,54,5443.91,100.81314814814814,8672.86,0.5370370370370371,5870.0,1816.53,54,3228.9500000000007,3,Dormant Players
517,Cynthia Sanchez,Sierra Leone,2025-08-13,64,46,5453.47,118.55369565217391,6686.49,0.4347826086956521,2246.47,2125.61,46,1233.0199999999995,2,Regular Players
518,Michael Hill,Isle of Man,2024-11-30,57,58,6093.79,105.0653448275862,6293.71,0.4137931034482758,1208.0100000000002,358.35,58,199.92000000000007,2,Regular Players
519,Katie Jackson,Mayotte,2025-08-24,21,49,5009.25,102.2295918367347,5770.54,0.4081632653061224,1495.77,3008.5299999999997,49,761.29,2,Regular Players
520,Terry Fernandez,Oman,2025-06-09,33,53,4678.29,88.26962264150943,6782.44,0.4716981132075472,1292.98,4304.77,53,2104.1499999999996,2,Regular Players
521,Angela Watts,Jersey,2025-01-21,29,50,4373.64,87.4728,6479.33,0.5,543.78,1919.48,50,2105.6899999999996,0,Casual Players
522,Kyle Benjamin,Lithuania,2023-11-29,53,54,5770.18,106.8551851851852,11854.48,0.5925925925925926,4805.79,592.86,54,6084.299999999999,3,Dormant Players
523,Jamie Carpenter,Falkland Islands (Malvinas),2023-09-01,57,40,3614.31,90.35775,7232.37,0.55,1490.43,3726.64,40,3618.06,0,Casual Players
524,Brandon Bernard,Bangladesh,2023-09-22,51,58,5628.75,97.04741379310344,8981.36,0.4827586206896552,2711.96,1444.12,58,3352.6100000000006,3,Dormant Players
525,Wyatt Reese,Kazakhstan,2026-06-21,42,46,4191.97,91.12978260869566,6326.67,0.5217391304347826,2367.63,3622.89,46,2134.7,0,Casual Players
526,Thomas Lambert,Swaziland,2024-05-06,25,51,5166.61,101.30607843137254,8004.37,0.4901960784313725,3433.05,2807.09,51,2837.76,2,Regular Players
527,Russell Vargas,Congo,2024-07-03,44,45,4661.37,103.586,8520.51,0.5555555555555556,948.48,1008.71,45,3859.14,1,VIP Players
528,Gary Clark,Comoros,2024-01-01,38,61,5892.59,96.59983606557375,6764.77,0.4098360655737705,3037.35,3976.63,61,872.1800000000003,2,Regular Players
529,Toni Jordan,Guam,2025-09-06,41,48,5719.19,119.14979166666666,7334.599999999999,0.4583333333333333,972.73,1439.29,48,1615.41,2,Regular Players
530,Elijah King,New Caledonia,2024-11-21,62,49,4360.0,88.9795918367347,7688.84,0.5306122448979592,2082.96,3906.08,49,3328.84,1,VIP Players
531,Caitlin Medina,Czech Republic,2023-08-22,30,53,5115.99,96.52811320754716,6691.24,0.490566037735849,2285.71,2634.85,53,1575.25,2,Regular Players
532,Victor Johnson,Italy,2023-09-04,65,50,4863.49,97.2698,3929.23,0.32,3525.7,3541.16,50,-934.2599999999998,0,Casual Players
533,Nathan Anderson,Swaziland,2024-03-28,21,45,4261.2,94.69333333333331,7816.12,0.5555555555555556,3188.56,4935.82,45,3554.92,1,VIP Players
534,John Townsend,American Samoa,2025-08-29,34,50,4813.64,96.2728,7464.93,0.5,4980.37,2870.55,50,2651.29,2,Regular Players
535,Nancy Mendoza,Guyana,2025-06-04,22,39,4335.599999999999,111.16923076923077,6361.23,0.4871794871794871,1470.16,2145.36,39,2025.63,0,Casual Players
536,Tristan Lawrence,Macao,2024-07-01,48,52,5432.37,104.46865384615384,7242.24,0.4807692307692308,2745.4700000000003,3972.88,52,1809.87,2,Regular Players
537,Katherine Poole,Mayotte,2025-11-17,64,55,4949.18,89.98509090909091,7848.29,0.4545454545454545,2089.05,4144.45,55,2899.1099999999997,2,Regular Players
538,Carolyn Lopez,Panama,2025-02-16,58,58,5707.4,98.40344827586206,8605.93,0.5172413793103449,5332.55,243.64,58,2898.5300000000007,3,Dormant Players
539,Michael Kennedy,Greece,2024-10-24,39,54,5785.77,107.1438888888889,6134.35,0.4074074074074074,187.14,984.82,54,348.5799999999999,2,Regular Players
540,Christopher Juarez,Sri Lanka,2026-07-04,48,61,6633.46,108.74524590163936,11933.2,0.5409836065573771,1458.6,1346.81,61,5299.740000000001,3,Dormant Players
541,Darin Craig MD,United States Virgin Islands,2024-06-23,31,40,4096.8,102.42,9488.21,0.6,3004.29,2061.09,40,5391.409999999999,1,VIP Players
542,Craig Liu,San Marino,2023-08-02,27,40,3505.72,87.643,5881.39,0.575,2694.12,1135.33,40,2375.6700000000005,0,Casual Players
543,Kendra Soto,Thailand,2023-11-02,42,54,5844.09,108.2238888888889,8246.92,0.4259259259259259,3934.06,3592.29,54,2402.83,2,Regular Players
544,Clayton Young,Lebanon,2024-09-10,19,41,4562.72,111.2858536585366,6315.78,0.3902439024390244,2249.11,759.64,41,1753.0599999999995,0,Casual Players
545,James Smith,Anguilla,2026-04-30,22,50,4626.0,92.52,8952.93,0.64,1963.44,4464.3,50,4326.93,1,VIP Players
546,Amanda Miller,Western Sahara,2025-05-18,51,48,5687.54,118.49041666666666,7438.1,0.5,1593.5,2332.51,48,1750.5600000000004,2,Regular Players
547,Gabriella Casey MD,United States Virgin Islands,2023-09-01,56,54,5176.36,95.85851851851852,8275.0,0.4814814814814814,4711.39,2260.98,54,3098.6400000000003,2,Regular Players
548,Walter Aguirre,Turks and Caicos Islands,2026-01-23,63,51,5537.79,108.58411764705882,8447.76,0.5098039215686274,3402.64,1276.2,51,2909.9700000000003,2,Regular Players
549,Brian Meyer,Algeria,2026-05-30,41,51,4466.61,87.58058823529412,7576.62,0.4901960784313725,1072.6799999999998,1256.26,51,3110.01,2,Regular Players
550,Carlos Harris,Gabon,2025-10-01,53,40,4605.61,115.14025,6986.66,0.45,3335.25,1940.51,40,2381.05,0,Casual Players
551,Andrew Rodriguez,Congo,2025-12-20,52,54,5816.45,107.71203703703704,9049.92,0.5555555555555556,3725.43,1321.82,54,3233.4700000000003,3,Dormant Players
552,Jared Smith,Korea,2023-12-27,20,56,5126.17,91.53875,6918.4,0.4464285714285714,1413.53,3543.35,56,1792.2299999999996,2,Regular Players
553,Nicole Phelps,Cayman Islands,2024-11-18,57,48,4645.53,96.781875,6938.49,0.4791666666666667,2272.43,2015.09,48,2292.96,0,Casual Players
554,Robert Garcia,Guyana,2024-03-19,21,61,7008.16,114.887868852459,10387.19,0.4590163934426229,1099.34,2693.58,61,3379.0300000000007,3,Dormant Players
555,Daniel Greene,Equatorial Guinea,2024-08-25,54,45,4016.21,89.2491111111111,4887.3099999999995,0.4222222222222222,2275.6099999999997,3992.96,45,871.0999999999995,0,Casual Players
556,Walter Jackson,Dominica,2023-08-20,38,52,5794.76,111.43769230769232,9472.59,0.4807692307692308,2312.58,2854.7799999999997,52,3677.83,3,Dormant Players
557,Pamela Smith,Colombia,2025-11-07,52,51,5079.63,99.60058823529413,4973.83,0.4509803921568627,2294.46,1114.36,51,-105.80000000000018,2,Regular Players
558,Gary Torres,New Zealand,2023-10-15,45,48,4611.08,96.06416666666668,7865.6,0.5833333333333334,1707.88,0.0,48,3254.5200000000004,1,VIP Players
559,Logan Scott,Romania,2024-07-11,25,49,5205.54,106.23551020408163,5554.05,0.4081632653061224,1203.62,1949.82,49,348.5100000000002,2,Regular Players
560,Michaela Rollins,Cote d'Ivoire,2025-04-27,63,50,5299.29,105.9858,8303.86,0.58,1585.71,807.58,50,3004.5700000000006,1,VIP Players
561,Darlene Brown,Korea,2024-12-05,58,58,6317.53,108.92293103448276,8580.67,0.4482758620689655,2391.12,0.0,58,2263.1400000000003,2,Regular Players
562,Margaret Moore,Chile,2024-02-29,55,40,3424.21,85.60525,4578.61,0.45,3238.76,2023.64,40,1154.3999999999996,0,Casual Players
563,Kimberly Sosa,Falkland Islands (Malvinas),2025-11-05,64,41,3642.24,88.8351219512195,6320.97,0.5609756097560976,490.99,4769.07,41,2678.7300000000005,0,Casual Players
564,Samuel Martin,Saint Barthelemy,2026-01-19,31,32,3336.15,104.2546875,4445.11,0.5,4215.13,5682.79,32,1108.9599999999996,0,Casual Players
565,Darren Jackson,Kuwait,2023-12-23,18,53,5363.29,101.19415094339622,8213.34,0.5094339622641509,5152.2300000000005,1902.74,53,2850.05,2,Regular Players
566,Samuel Martin,Guadeloupe,2024-10-24,57,45,4708.22,104.62711111111112,6861.389999999999,0.4888888888888889,682.64,3294.94,45,2153.169999999999,0,Casual Players
567,Tonya Brown,Tunisia,2026-05-27,62,47,5204.25,110.72872340425532,6370.99,0.425531914893617,2059.02,4765.99,47,1166.7399999999998,2,Regular Players
568,Wesley Rodriguez,Bulgaria,2024-05-27,27,56,5912.29,105.57660714285714,8513.46,0.4642857142857143,3523.37,3062.11,56,2601.169999999999,2,Regular Players
569,Richard Cox,Turks and Caicos Islands,2025-12-06,37,49,4818.29,98.33244897959185,8759.8,0.6326530612244898,828.01,5669.88,49,3941.5099999999993,1,VIP Players
570,Catherine Cherry,Germany,2025-11-29,41,54,5513.31,102.09833333333334,7989.5,0.5185185185185185,5915.110000000001,2242.16,54,2476.1899999999996,2,Regular Players
571,Samantha Smith,Australia,2024-06-06,31,41,3856.86,94.06975609756098,6008.6,0.5121951219512195,1577.54,3393.84,41,2151.74,0,Casual Players
572,Elizabeth Reeves,Moldova,2024-08-15,39,50,5058.78,101.1756,7133.71,0.42,1747.17,1595.36,50,2074.9300000000003,2,Regular Players
573,Cole Swanson,Liberia,2026-04-06,62,43,4454.61,103.59558139534884,7712.56,0.4883720930232558,2925.51,1877.61,43,3257.9500000000007,1,VIP Players
574,Julie Gates,Myanmar,2023-12-20,35,56,4816.61,86.01089285714285,7662.87,0.625,1495.88,2033.06,56,2846.26,1,VIP Players
575,Emily Hodges,Luxembourg,2023-09-06,37,54,5612.99,103.94425925925924,8540.83,0.4259259259259259,504.86,4847.02,54,2927.84,2,Regular Players
576,Brent Young,Bangladesh,2024-01-30,30,41,4374.47,106.69439024390245,7655.45,0.4390243902439024,1946.22,4364.4,41,3280.9799999999996,0,Casual Players
577,Janet Martin,Israel,2025-10-03,60,53,5594.62,105.5588679245283,6258.3099999999995,0.3773584905660377,1402.57,3448.2,53,663.6899999999996,2,Regular Players
578,Benjamin Wright,Guyana,2023-12-28,64,50,5165.53,103.3106,7208.5,0.52,2410.88,3100.2200000000003,50,2042.9700000000005,2,Regular Players
579,Robert Adams,Eritrea,2024-08-20,62,53,4977.93,93.92320754716982,9496.76,0.5849056603773585,2043.88,3110.24,53,4518.83,1,VIP Players
580,Timothy Morales,Morocco,2023-08-08,41,48,4234.14,88.21125,7585.56,0.5625,6400.26,4909.09,48,3351.42,1,VIP Players
581,Daniel Thornton,Sao Tome and Principe,2026-04-16,62,53,5523.05,104.20849056603774,9339.88,0.5283018867924528,83.08,3557.57,53,3816.830000000001,3,Dormant Players
582,Thomas Joyce,Austria,2024-11-14,19,41,3627.12,88.46634146341464,5044.67,0.3902439024390244,2127.96,1820.79,41,1417.5500000000002,0,Casual Players
583,Stephen Flores,Antigua and Barbuda,2025-02-03,19,59,6207.87,105.21813559322034,8789.75,0.4745762711864407,2168.49,1478.83,59,2581.88,3,Dormant Players
584,Diane Schroeder,Finland,2024-04-07,35,56,5027.0,89.76785714285714,8615.66,0.5535714285714286,1957.76,2866.58,56,3588.66,3,Dormant Players
585,Nicole Robertson,Mexico,2023-10-08,22,47,4716.76,100.35659574468086,5835.74,0.4468085106382978,2264.79,455.26,47,1118.9799999999996,0,Casual Players
586,Adam Brady,Holy See (Vatican City State),2023-10-01,28,46,4347.45,94.50978260869564,5318.73,0.4347826086956521,3110.79,1867.15,46,971.2799999999996,0,Casual Players
587,Laura Miller,Netherlands,2024-02-22,34,50,4949.49,98.9898,5973.95,0.42,2607.6,5859.12,50,1024.46,2,Regular Players
588,Dr. Susan Adams,Samoa,2024-11-21,18,54,5018.75,92.9398148148148,5425.35,0.3888888888888889,3004.74,1534.5,54,406.6000000000003,2,Regular Players
589,Dana White,Hungary,2023-08-11,40,47,5392.18,114.7272340425532,9686.75,0.5106382978723404,1258.77,156.83,47,4294.57,1,VIP Players
590,Darren Williams,Rwanda,2024-06-21,43,36,2913.63,80.93416666666667,4670.37,0.5833333333333334,2936.2999999999997,1128.08,36,1756.7399999999998,0,Casual Players
591,Jessica Benjamin,Thailand,2025-07-30,42,42,4702.58,111.96619047619048,6725.11,0.4761904761904761,2843.66,458.87,42,2022.5299999999995,0,Casual Players
592,Jennifer Reyes,Paraguay,2024-04-13,41,58,5723.2,98.67586206896551,7911.05,0.4655172413793103,4008.67,1691.16,58,2187.8500000000004,2,Regular Players
593,Elizabeth Peterson,British Indian Ocean Territory (Chagos Archipelago),2025-10-28,25,54,6086.0,112.70370370370372,13470.34,0.6481481481481481,1906.39,3737.3,54,7384.34,3,Dormant Players
594,Amy Garcia,Belize,2024-10-12,60,63,6818.29,108.2268253968254,10438.54,0.5238095238095238,3584.56,3517.21,63,3620.250000000001,3,Dormant Players
595,Natalie Lawrence,Antigua and Barbuda,2024-11-27,60,46,4905.94,106.65086956521738,10251.36,0.6304347826086957,2045.08,3101.07,46,5345.420000000001,1,VIP Players
596,Melissa Stevenson,Tajikistan,2026-05-10,37,47,4895.97,104.16957446808512,5408.99,0.3829787234042553,1000.49,2947.11,47,513.0199999999995,0,Casual Players
597,Elizabeth Sanchez,Micronesia,2026-05-16,29,41,3953.09,96.41682926829267,6362.28,0.5853658536585366,4071.38,3626.2,41,2409.1899999999996,0,Casual Players
598,Tracy Carter,United States Virgin Islands,2025-10-22,60,46,5106.93,111.02021739130436,11600.49,0.5652173913043478,2033.22,2516.67,46,6493.5599999999995,1,VIP Players
599,Jason Thomas,Zimbabwe,2025-12-22,41,54,5405.63,100.10425925925928,8630.03,0.5370370370370371,1222.03,1549.47,54,3224.4000000000005,2,Regular Players
600,Diane Hall,Czech Republic,2023-10-20,36,62,6804.84,109.75548387096777,12429.26,0.5,2095.94,2681.77,62,5624.42,3,Dormant Players
601,Crystal Huff,Malaysia,2025-10-13,37,46,4723.47,102.68413043478262,6072.889999999999,0.4565217391304347,2894.1,888.3000000000001,46,1349.4199999999992,0,Casual Players
602,Carol Henry,Ireland,2024-12-26,19,43,4810.72,111.87720930232558,7452.33,0.5813953488372093,1291.23,427.51,43,2641.6099999999997,1,VIP Players
603,Robert Thompson,Martinique,2025-09-16,34,52,5331.06,102.52038461538464,9383.46,0.4423076923076923,2034.59,3251.0699999999997,52,4052.3999999999983,2,Regular Players
604,Rachel Ryan,Gabon,2024-11-19,49,44,4522.61,102.7865909090909,8759.16,0.6590909090909091,2056.5299999999997,4669.32,44,4236.55,1,VIP Players
605,Dawn Lane,Malaysia,2025-10-16,47,55,4992.43,90.77145454545456,5786.21,0.4727272727272727,3392.9300000000003,1095.4,55,793.7799999999997,2,Regular Players
606,Julie Nixon,Guernsey,2023-12-05,34,47,3985.22,84.79191489361702,6004.49,0.5106382978723404,6621.42,7215.45,47,2019.27,0,Casual Players
607,Michael Whitney,Tajikistan,2026-02-25,62,50,4430.9800000000005,88.6196,8560.3,0.62,1301.64,3494.37,50,4129.319999999999,1,VIP Players
608,Mrs. Jill Wright,Sri Lanka,2024-02-09,29,49,5505.14,112.34979591836736,6975.110000000001,0.3469387755102041,1218.0,2425.5,49,1469.9700000000005,2,Regular Players
609,James Rosario,Palestinian Territory,2024-09-05,50,37,3625.75,97.99324324324324,5055.74,0.5135135135135135,1343.33,1614.23,37,1429.9899999999998,0,Casual Players
610,Pamela Bishop,Argentina,2023-08-06,61,52,5011.88,96.38230769230768,9277.57,0.5769230769230769,2191.68,2153.29,52,4265.69,1,VIP Players
611,Victoria Murray,Lesotho,2023-09-03,45,58,6185.52,106.64689655172414,11303.88,0.5172413793103449,3006.76,4016.6,58,5118.360000000001,3,Dormant Players
612,Michael Chapman,Hungary,2025-09-14,32,43,4654.38,108.24139534883722,7336.46,0.5581395348837209,2478.59,1295.41,43,2682.08,1,VIP Players
613,Jennifer Hughes,Suriname,2026-02-15,20,54,5366.73,99.38388888888888,8185.55,0.5370370370370371,3152.35,2860.92,54,2818.8200000000006,2,Regular Players
614,Michael Johnson,Sri Lanka,2024-01-23,47,46,4419.02,96.06565217391304,6617.18,0.4347826086956521,2683.3,5281.77,46,2198.16,0,Casual Players
615,Miguel Potter,Slovakia (Slovak Republic),2026-01-08,18,46,4585.63,99.68760869565216,4911.89,0.3478260869565217,1113.36,3100.83,46,326.2600000000002,0,Casual Players
616,Bryan Shelton,Italy,2024-10-18,37,40,3808.88,95.222,5891.76,0.475,2014.07,3039.0499999999997,40,2082.88,0,Casual Players
617,Jerome Dillon,Bosnia and Herzegovina,2023-11-21,22,56,5672.53,101.29517857142856,7526.49,0.375,3413.79,2891.33,56,1853.96,2,Regular Players
618,Laura Gould,Aruba,2025-03-29,56,49,4314.349999999999,88.04795918367346,6496.33,0.5306122448979592,3886.13,2115.37,49,2181.9800000000005,0,Casual Players
619,Ryan Barajas,Nigeria,2025-01-24,20,49,5267.33,107.4965306122449,7825.3,0.4693877551020408,2345.69,435.22,49,2557.9700000000003,2,Regular Players
620,Scott Davis,Martinique,2024-09-13,51,51,5063.58,99.28588235294116,9059.0,0.5490196078431373,1978.2,4286.86,51,3995.42,1,VIP Players
621,Ricardo Chavez,Poland,2025-09-18,62,48,4744.5,98.84375,7017.4800000000005,0.4583333333333333,942.37,2193.9,48,2272.9800000000005,2,Regular Players
622,Cynthia Ramirez,Morocco,2024-04-18,64,46,4725.51,102.72847826086957,8644.16,0.5652173913043478,4276.46,2181.0499999999997,46,3918.65,1,VIP Players
623,Charles Murphy,Guatemala,2024-05-25,56,49,4615.37,94.19122448979591,8977.49,0.6326530612244898,2792.2200000000003,2603.77,49,4362.12,1,VIP Players
624,Russell Daniels,India,2023-12-09,25,48,3880.08,80.835,7392.15,0.5208333333333334,2308.17,4918.8,48,3512.0699999999997,0,Casual Players
625,Miranda Lawrence,Colombia,2024-09-27,57,53,5999.62,113.20037735849056,8378.73,0.5094339622641509,6001.35,2445.9100000000003,53,2379.1099999999997,3,Dormant Players
626,Danielle Butler,San Marino,2025-12-30,20,55,5564.38,101.17054545454546,8184.55,0.4909090909090909,3068.6,2271.3999999999996,55,2620.17,2,Regular Players
627,Tamara Smith,Mauritius,2024-10-02,18,59,5504.55,93.29745762711865,8977.539999999999,0.576271186440678,2043.6,3041.82,59,3472.989999999999,3,Dormant Players
628,Michele Williams,Ecuador,2023-10-12,51,51,4844.47,94.98960784313726,6355.03,0.5294117647058824,3541.71,3132.2,51,1510.5599999999995,2,Regular Players
629,James Escobar,Congo,2025-04-08,35,55,5368.29,97.60527272727272,9204.39,0.5818181818181818,818.84,2906.08,55,3836.099999999999,3,Dormant Players
630,Linda Miller,Bosnia and Herzegovina,2025-09-01,56,62,7169.97,115.64467741935484,9894.74,0.4677419354838709,1336.29,4052.66,62,2724.7699999999995,3,Dormant Players
631,Michael Peterson,Canada,2025-12-24,22,45,4458.19,99.07088888888887,8414.27,0.5111111111111111,542.97,6114.57,45,3956.080000000001,1,VIP Players
632,Ronald Mitchell,Montenegro,2024-11-19,36,57,6094.76,106.92561403508772,9354.91,0.543859649122807,1438.39,3169.0,57,3260.1499999999996,3,Dormant Players
633,Cheryl Villarreal,Bolivia,2023-12-12,48,62,6133.75,98.93145161290325,8501.07,0.5,1397.03,924.24,62,2367.3199999999997,3,Dormant Players
634,Lance York,Qatar,2025-11-27,35,52,4612.58,88.70346153846154,5426.72,0.4615384615384615,2339.13,3199.9,52,814.1400000000003,0,Casual Players
635,Albert Burke,Congo,2023-11-20,55,50,4830.29,96.6058,6715.4400000000005,0.48,4117.63,1515.92,50,1885.1500000000003,2,Regular Players
636,Isaac Sandoval,Morocco,2026-06-23,20,54,5258.8,97.3851851851852,8427.89,0.5185185185185185,3174.04,3380.12,54,3169.0899999999992,2,Regular Players
637,Peter Graham,Iraq,2023-08-17,36,62,6166.77,99.46403225806452,8566.37,0.5,3665.31,2419.17,62,2399.6000000000004,3,Dormant Players
638,Travis Ortega,Nepal,2024-01-25,63,48,3813.48,79.4475,1948.76,0.3541666666666667,2684.98,483.79,48,-1864.72,0,Casual Players
639,Leslie Mcgee,Isle of Man,2024-06-03,59,41,3781.81,92.23926829268292,5359.89,0.4878048780487805,4959.7300000000005,2195.33,41,1578.0800000000004,0,Casual Players
640,Bobby Webb,Ghana,2024-06-23,51,56,5543.1,98.98392857142858,8967.78,0.4821428571428571,5665.04,3333.49,56,3424.6800000000003,3,Dormant Players
641,Elizabeth Montes,Congo,2023-08-26,29,42,4071.26,96.93476190476191,6173.0,0.5952380952380952,1408.21,1480.5700000000002,42,2101.74,0,Casual Players
642,Melissa Meyer,Liberia,2023-10-24,38,51,4703.2,92.21960784313724,7119.68,0.4705882352941176,2569.8,3944.86,51,2416.4800000000005,2,Regular Players
643,Ashley Walker,Congo,2025-02-28,62,46,4939.37,107.37760869565216,6478.63,0.4782608695652174,453.63,1660.34,46,1539.2600000000002,2,Regular Players
644,Natalie Johnson,Papua New Guinea,2026-03-29,55,60,5076.45,84.6075,8365.15,0.5166666666666667,4264.5,5303.93,60,3288.7,3,Dormant Players
645,Robert Baker,Sri Lanka,2025-09-26,58,45,4420.42,98.23155555555556,7937.56,0.5777777777777777,3134.36,3394.27,45,3517.1399999999994,1,VIP Players
646,Juan Fuentes,Saint Kitts and Nevis,2024-12-10,36,64,6442.58,100.6653125,8611.48,0.4375,590.79,3174.11,64,2168.8999999999996,3,Dormant Players
647,Michael Collins,Estonia,2026-03-20,38,60,5331.5,88.85833333333333,8522.61,0.5166666666666667,991.85,1326.21,60,3191.1100000000006,2,Regular Players
648,Darlene Williams,Algeria,2024-12-01,43,53,5540.7699999999995,104.54283018867925,6622.56,0.4150943396226415,1230.56,2648.17,53,1081.7900000000009,2,Regular Players
649,Steven Vance,Holy See (Vatican City State),2024-03-05,22,52,4942.72,95.05230769230768,7023.98,0.5192307692307693,3018.59,2979.76,52,2081.2599999999993,2,Regular Players
650,Cody Bowman,Sierra Leone,2025-10-25,22,58,6220.96,107.25793103448277,10683.54,0.603448275862069,2380.83,2280.91,58,4462.580000000001,3,Dormant Players
651,Jesse Miller,New Caledonia,2026-01-15,32,53,5545.85,104.63867924528304,8832.1,0.5283018867924528,3018.04,1776.96,53,3286.25,3,Dormant Players
652,Cassandra Bowen,Nigeria,2024-03-28,41,43,3977.68,92.50418604651162,5112.75,0.4651162790697674,2419.33,978.6,43,1135.0700000000002,0,Casual Players
653,Patricia Mccarthy,Christmas Island,2026-05-29,60,47,4825.5,102.67021276595744,10351.95,0.5957446808510638,4524.77,1309.24,47,5526.450000000001,1,VIP Players
654,Tracy Myers,Belgium,2025-06-21,47,49,5200.47,106.13204081632654,7416.77,0.4897959183673469,3838.46,1444.92,49,2216.3,2,Regular Players
655,Denise Harvey,Belarus,2024-02-19,31,56,6651.17,118.77089285714284,9779.03,0.5,2707.25,4089.64,56,3127.8599999999988,3,Dormant Players
656,Alyssa Schultz,Slovakia (Slovak Republic),2026-07-13,57,53,6089.97,114.90509433962264,7719.02,0.4528301886792453,1160.27,3159.69,53,1629.0499999999993,2,Regular Players
657,Nicole Barton,Denmark,2026-06-20,63,50,4473.47,89.46940000000001,7230.5,0.52,3427.71,6063.91,50,2757.0299999999997,1,VIP Players
658,Linda Owens,Ireland,2025-02-06,38,65,6758.74,103.98061538461538,10377.81,0.4923076923076923,2963.35,0.0,65,3619.07,3,Dormant Players
659,Shelby Dyer,Iran,2025-02-21,35,45,4579.88,101.77511111111112,8082.14,0.5111111111111111,4198.4,2831.5299999999997,45,3502.26,1,VIP Players
660,Pamela White,Svalbard & Jan Mayen Islands,2023-11-12,45,56,5560.77,99.2994642857143,7073.12,0.4464285714285714,1336.04,7097.74,56,1512.3499999999997,2,Regular Players
661,John Lawrence,Saint Barthelemy,2024-11-28,32,38,4628.21,121.795,7416.39,0.5789473684210527,3364.26,2559.68,38,2788.1800000000003,1,VIP Players
662,Laura Banks,Greenland,2024-02-06,54,49,5337.94,108.93755102040816,9814.89,0.6530612244897959,4018.13,1961.63,49,4476.95,1,VIP Players
663,Gregory Watson,Vanuatu,2024-10-20,33,53,5332.55,100.61415094339624,5937.37,0.3773584905660377,2622.42,848.92,53,604.8199999999997,2,Regular Players
664,Antonio Woods,Gabon,2024-12-06,55,38,3840.03,101.05342105263158,5143.04,0.4736842105263157,4471.639999999999,1975.78,38,1303.0099999999998,0,Casual Players
665,Lindsay Smith,Armenia,2024-03-01,52,45,5260.88,116.90844444444444,9783.97,0.5777777777777777,1814.93,1520.03,45,4523.089999999999,1,VIP Players
666,Charles Romero,China,2024-12-02,27,60,5936.63,98.94383333333332,10602.12,0.5333333333333333,2015.24,2143.6,60,4665.490000000001,3,Dormant Players
667,Karen Rodriguez,Luxembourg,2025-10-24,58,47,4463.66,94.97148936170213,7449.85,0.5531914893617021,4095.62,4341.610000000001,47,2986.1900000000005,1,VIP Players
668,Gilbert Cervantes,Saint Martin,2025-09-09,32,59,5913.79,100.23372881355932,11669.27,0.5932203389830508,3777.53,1343.2199999999998,59,5755.4800000000005,3,Dormant Players
669,Amanda Baldwin,El Salvador,2023-11-19,39,52,6383.28,122.7553846153846,9921.98,0.5192307692307693,5778.76,2738.66,52,3538.7,3,Dormant Players
670,Christina Mclean,Tunisia,2026-03-11,44,55,6102.34,110.95163636363635,7755.18,0.4363636363636363,2966.61,4934.28,55,1652.84,2,Regular Players
671,Sarah Smith,Tonga,2025-11-12,52,62,6188.86,99.82032258064515,6621.4,0.3709677419354839,2497.89,2845.42,62,432.54,2,Regular Players
672,Sabrina Moore,Argentina,2023-10-23,34,59,6782.02,114.94949152542374,11130.42,0.559322033898305,2165.45,1653.4,59,4348.4,3,Dormant Players
673,Jeff Robles,San Marino,2025-03-02,58,44,3925.38,89.21318181818182,8049.01,0.5909090909090909,4111.21,617.5899999999999,44,4123.63,1,VIP Players
674,Melissa Cooper,Belize,2024-07-09,39,46,4935.8,107.3,5976.15,0.4130434782608695,3543.54,2929.57,46,1040.3499999999997,0,Casual Players
675,Maria Harrison,Hong Kong,2025-09-12,26,44,4524.19,102.8225,6584.18,0.4318181818181818,964.9,1131.84,44,2059.9900000000007,0,Casual Players
676,Austin Robinson,Guinea,2025-11-28,57,52,5454.74,104.89884615384616,11657.56,0.5769230769230769,1158.94,2849.87,52,6202.82,3,Dormant Players
677,Anthony Wood,Seychelles,2025-11-14,32,46,5026.35,109.26847826086956,9545.13,0.6086956521739131,2745.15,3595.34,46,4518.779999999999,1,VIP Players
678,Lauren Sullivan,Jersey,2026-04-04,28,51,5231.26,102.57372549019608,6544.47,0.4313725490196078,672.02,4751.14,51,1313.21,2,Regular Players
679,Mr. Hunter Reese PhD,Myanmar,2024-07-10,42,44,4539.17,103.16295454545455,5622.27,0.5227272727272727,1808.64,958.46,44,1083.1000000000004,0,Casual Players
680,Brittany Harris,Australia,2025-08-21,49,60,6620.28,110.338,10800.25,0.4666666666666667,3401.7,5016.42,60,4179.97,3,Dormant Players
681,William Grant,Saint Lucia,2025-05-22,25,54,4993.95,92.48055555555555,8606.13,0.5555555555555556,1319.91,1154.01,54,3612.1799999999994,1,VIP Players
682,Tiffany Smith,Somalia,2026-01-10,24,54,6085.93,112.7024074074074,9190.73,0.5555555555555556,4105.99,1071.53,54,3104.7999999999993,3,Dormant Players
683,William White,Germany,2024-12-04,59,51,5743.89,112.62529411764706,8511.51,0.5294117647058824,647.77,1062.44,51,2767.62,2,Regular Players
684,Yolanda Gray,Gambia,2023-10-31,47,60,5953.98,99.233,9712.35,0.55,3441.87,2609.77,60,3758.370000000001,3,Dormant Players
685,Frances May,Greece,2023-10-27,54,40,4430.22,110.7555,7994.25,0.45,2308.84,2641.01,40,3564.0299999999997,1,VIP Players
686,Henry Gallegos,Korea,2025-04-02,30,54,5721.35,105.95092592592592,9543.14,0.5,693.8699999999999,664.79,54,3821.789999999999,3,Dormant Players
687,Steven Wheeler,Lao People's Democratic Republic,2025-01-03,26,49,4796.75,97.89285714285714,8100.48,0.5510204081632653,4228.3099999999995,1758.82,49,3303.7299999999996,1,VIP Players
688,Isaiah Lee,Comoros,2026-01-16,35,57,5314.28,93.23298245614036,8341.71,0.5087719298245614,1650.45,905.52,57,3027.4299999999994,2,Regular Players
689,Gary Davis,Cote d'Ivoire,2024-04-01,52,41,3742.45,91.27926829268291,5037.83,0.4390243902439024,2534.54,1962.7,41,1295.3799999999997,0,Casual Players
690,Jillian Valencia,Togo,2025-03-12,56,42,4587.66,109.23,6868.27,0.4285714285714285,0.0,3747.21,42,2280.6100000000006,0,Casual Players
691,Felicia Pineda,Cocos (Keeling) Islands,2026-06-04,46,51,5229.59,102.54098039215688,8761.25,0.5490196078431373,1382.75,4159.34,51,3531.66,1,VIP Players
692,Andrea Gomez,Bhutan,2025-04-19,30,53,5151.15,97.19150943396224,8215.02,0.4528301886792453,887.61,5353.37,53,3063.870000000001,2,Regular Players
693,Leroy Moore,China,2023-09-03,46,50,5008.58,100.1716,7554.98,0.46,2545.64,4372.94,50,2546.3999999999996,2,Regular Players
694,Samantha Perry,Benin,2025-01-10,47,39,4305.03,110.3853846153846,9216.75,0.6153846153846154,2070.16,1467.35,39,4911.72,1,VIP Players
695,Clarence Spencer,Gabon,2026-07-02,43,49,4944.95,100.91734693877552,11240.24,0.6122448979591837,853.45,3434.33,49,6295.29,1,VIP Players
696,Paige Wise,Malaysia,2025-08-12,20,51,4653.42,91.24352941176473,7485.3,0.6078431372549019,1409.42,1027.8300000000002,51,2831.88,1,VIP Players
697,Timothy Anderson,Korea,2026-04-09,63,36,3885.82,107.93944444444443,5722.52,0.3888888888888889,3331.09,1285.37,36,1836.7000000000005,0,Casual Players
698,Christopher Caldwell,Cote d'Ivoire,2024-03-23,25,50,4559.16,91.1832,6022.32,0.44,1473.16,72.93,50,1463.16,0,Casual Players
699,Michelle Vasquez,San Marino,2024-09-16,51,58,6565.98,113.20655172413792,9522.26,0.4310344827586206,6863.41,3933.59,58,2956.2800000000007,3,Dormant Players
700,Kristen Haynes,Macao,2024-04-21,59,51,5281.76,103.56392156862744,8399.41,0.5686274509803921,2000.95,4783.139999999999,51,3117.6499999999996,1,VIP Players
701,Ryan Obrien,Bhutan,2026-02-04,41,54,5472.46,101.34185185185186,10726.68,0.6111111111111112,4409.34,6251.24,54,5254.22,3,Dormant Players
702,Jeremy Anderson,Korea,2024-02-06,18,51,4443.47,87.12686274509804,7671.4,0.5490196078431373,2803.27,3555.67,51,3227.9299999999994,1,VIP Players
703,Michael Orozco,Thailand,2024-10-14,60,50,4750.13,95.0026,7482.81,0.46,2944.96,642.69,50,2732.6800000000003,2,Regular Players
704,Justin Miller,Niue,2025-09-16,59,47,4413.15,93.8968085106383,6506.7699999999995,0.5319148936170213,2736.3100000000004,4147.35,47,2093.62,0,Casual Players
705,Ashley Curtis,Belgium,2024-12-29,63,45,4056.2,90.13777777777776,6743.92,0.5111111111111111,1507.63,1323.26,45,2687.7200000000003,0,Casual Players
706,Steven Simmons,Martinique,2025-06-12,18,49,4596.44,93.80489795918366,8565.72,0.5510204081632653,4730.9,3502.69,49,3969.28,1,VIP Players
707,Charles Evans,Iraq,2024-06-26,64,65,5800.86,89.244,6573.41,0.4153846153846154,3134.12,6998.93,65,772.5500000000002,2,Regular Players
708,Linda Conley,Thailand,2025-07-10,34,60,6345.69,105.7615,7715.1,0.3666666666666666,5852.2300000000005,1560.0,60,1369.4100000000008,2,Regular Players
709,Todd Larson,Myanmar,2025-12-26,52,48,3972.15,82.753125,7001.26,0.5625,2534.8599999999997,364.98,48,3029.11,0,Casual Players
710,Dave Wilson,Malawi,2025-05-29,36,52,5129.06,98.63576923076924,6195.61,0.4230769230769231,4904.91,4056.84,52,1066.5499999999993,2,Regular Players
711,Madison Kelly,Bolivia,2026-03-09,61,51,5531.14,108.45372549019608,8631.51,0.5098039215686274,1596.3,3816.87,51,3100.37,1,VIP Players
712,Shane Johnson,Switzerland,2026-01-14,26,51,4750.13,93.13980392156864,6327.47,0.4705882352941176,1590.41,2380.62,51,1577.34,2,Regular Players
713,Travis Shepard,Slovenia,2024-10-15,43,47,4830.61,102.77893617021276,6812.26,0.4680851063829787,2286.52,1268.94,47,1981.6500000000003,2,Regular Players
714,Austin Hernandez,Micronesia,2025-11-23,52,44,4274.86,97.15590909090908,7099.43,0.5,1368.61,2455.06,44,2824.5700000000006,0,Casual Players
715,George Coleman,Tokelau,2024-06-18,44,50,4417.3,88.346,6605.27,0.46,3351.34,2279.48,50,2187.9700000000003,0,Casual Players
716,Brandon Patel,Dominican Republic,2024-10-15,61,41,3970.8,96.84878048780487,5633.97,0.5609756097560976,5013.52,3680.45,41,1663.17,0,Casual Players
717,Timothy Keller,Barbados,2024-02-09,45,54,6037.51,111.80574074074076,8456.7,0.4629629629629629,3686.47,900.2,54,2419.1900000000005,2,Regular Players
718,Kevin Jones,Christmas Island,2024-02-11,19,47,4891.1,104.06595744680853,6431.68,0.5531914893617021,3226.19,968.01,47,1540.58,1,VIP Players
719,Amanda James,El Salvador,2026-03-10,42,53,5033.66,94.97471698113208,7937.79,0.5660377358490566,1129.07,5502.58,53,2904.13,1,VIP Players
720,Joel Caldwell,Indonesia,2025-03-20,22,43,4633.33,107.75186046511628,5487.58,0.4651162790697674,1504.61,44.3,43,854.25,0,Casual Players
721,Krista Rhodes,Cambodia,2025-08-03,59,57,5281.95,92.6657894736842,7682.71,0.4561403508771929,874.52,3146.79,57,2400.76,2,Regular Players
722,Gabrielle Noble,Nauru,2026-01-05,28,49,5195.51,106.0308163265306,8545.48,0.4489795918367347,1397.61,1922.17,49,3349.9699999999993,2,Regular Players
723,Michael Long,Guinea-Bissau,2025-08-02,37,54,5337.7,98.84629629629627,9519.62,0.5185185185185185,923.54,1989.24,54,4181.919999999999,3,Dormant Players
724,Brittany Castro,Spain,2025-05-18,48,37,3893.87,105.23972972972972,5202.01,0.5135135135135135,3718.97,1091.6,37,1308.1400000000003,0,Casual Players
725,Thomas Smith,Congo,2026-06-14,19,53,5186.02,97.84943396226416,6935.43,0.5283018867924528,3081.94,5385.63,53,1749.41,2,Regular Players
726,Laura Howell,Trinidad and Tobago,2024-10-04,23,49,4891.11,99.81857142857142,9335.37,0.5918367346938775,1114.01,1694.13,49,4444.260000000001,1,VIP Players
727,John Wells,Tonga,2025-02-17,40,48,4138.88,86.22666666666667,8511.19,0.6041666666666666,1800.82,5114.18,48,4372.31,1,VIP Players
728,Roy Mendez,Papua New Guinea,2024-07-31,49,47,3938.01,83.78744680851064,5166.85,0.4468085106382978,3290.65,3851.36,47,1228.8400000000006,0,Casual Players
729,Deborah Day,Sudan,2025-05-18,53,57,6099.26,107.00456140350876,8676.82,0.4561403508771929,43.82,4080.31,57,2577.5599999999995,2,Regular Players
730,John Perez,Canada,2024-08-06,19,42,4610.81,109.78119047619047,6798.47,0.4761904761904761,2064.06,692.22,42,2187.66,0,Casual Players
731,Eric Hoffman,Liechtenstein,2026-01-02,22,62,5524.33,89.10209677419354,8680.23,0.5161290322580645,3993.43,3538.07,62,3155.8999999999996,3,Dormant Players
732,Maria Pitts,Nauru,2025-09-18,60,50,5187.66,103.7532,9024.93,0.52,1351.91,1732.53,50,3837.27,1,VIP Players
733,Monique Williams,Cote d'Ivoire,2025-09-21,28,40,4271.24,106.781,7704.11,0.575,1863.19,2094.35,40,3432.87,1,VIP Players
734,David Castillo,Latvia,2025-07-20,37,47,4392.93,93.46659574468086,6801.58,0.4468085106382978,2165.94,1445.67,47,2408.6499999999996,0,Casual Players
735,Ashley Chang,French Southern Territories,2023-11-06,46,54,5591.58,103.54777777777778,9290.2,0.6481481481481481,3493.78,5894.32,54,3698.620000000001,3,Dormant Players
736,Lawrence Johnson,Sierra Leone,2024-06-24,48,43,4603.1900000000005,107.05093023255814,6232.9800000000005,0.5813953488372093,1677.82,2270.9700000000003,43,1629.79,1,VIP Players
737,Benjamin Barnes,Sweden,2026-06-14,38,47,5371.17,114.28021276595744,7649.21,0.4680851063829787,3952.89,1816.21,47,2278.04,2,Regular Players
738,Nicole Moore,Tokelau,2025-03-27,33,41,3945.34,96.2278048780488,7011.65,0.5853658536585366,1228.52,3287.6800000000003,41,3066.3099999999995,1,VIP Players
739,Zachary Clark,Paraguay,2025-03-17,34,55,5732.84,104.23345454545456,11061.36,0.5818181818181818,2089.7000000000003,1931.66,55,5328.52,3,Dormant Players
740,Jeremy Elliott,Bangladesh,2024-03-01,32,49,5174.03,105.59244897959184,8623.98,0.5510204081632653,2906.64,5671.83,49,3449.95,1,VIP Players
741,Sara Tate,Benin,2024-06-29,60,54,5872.75,108.75462962962963,9421.06,0.4629629629629629,968.28,2223.99,54,3548.3099999999995,3,Dormant Players
742,Nancy Hill,Vietnam,2026-06-13,32,47,4673.79,99.44234042553192,8869.41,0.5957446808510638,2349.48,2195.2799999999997,47,4195.62,1,VIP Players
743,Holly Rogers,France,2025-04-17,46,46,4834.04,105.08782608695653,6566.67,0.5217391304347826,1677.11,1397.24,46,1732.63,0,Casual Players
744,Alison Hernandez,American Samoa,2026-01-29,26,66,7267.0,110.1060606060606,14142.1,0.5606060606060606,3180.13,5131.58,66,6875.1,3,Dormant Players
745,Rebekah Jones,Honduras,2025-03-12,27,51,5079.52,99.59843137254904,7134.96,0.4509803921568627,2256.84,3179.91,51,2055.4399999999996,2,Regular Players
746,Todd Fields,Georgia,2024-08-20,59,43,4089.65,95.10813953488372,5422.28,0.4418604651162791,1943.88,2501.11,43,1332.6299999999997,0,Casual Players
747,David Mason,Ukraine,2023-09-21,36,60,6778.12,112.96866666666666,9992.64,0.5,4140.4,838.6899999999999,60,3214.5199999999995,3,Dormant Players
748,Kimberly Burke,Ecuador,2024-10-01,48,39,4662.57,119.55307692307692,10739.58,0.6666666666666666,3427.46,3059.33,39,6077.01,1,VIP Players
749,Megan Moore,Australia,2024-09-09,30,35,3694.04,105.544,3484.86,0.3428571428571428,1869.39,3492.66,35,-209.17999999999984,0,Casual Players
750,Tina Jones,San Marino,2024-06-13,32,46,4957.92,107.7808695652174,8384.54,0.5869565217391305,1302.16,3040.89,46,3426.620000000001,1,VIP Players
751,Zachary Ruiz,Myanmar,2025-11-24,52,48,4653.2300000000005,96.94229166666668,9410.31,0.5833333333333334,144.11,7124.6,48,4757.079999999999,1,VIP Players
752,Cassidy Smith,Djibouti,2025-10-29,57,48,5748.06,119.75125,10916.57,0.5208333333333334,1062.04,2488.86,48,5168.509999999999,1,VIP Players
753,Daniel Miller,Nepal,2024-11-13,56,62,6690.7,107.91451612903224,9822.04,0.4677419354838709,346.51,3082.14,62,3131.340000000001,3,Dormant Players
754,Philip Johnson,Kyrgyz Republic,2026-01-01,45,46,5041.0,109.58695652173913,9932.13,0.6086956521739131,2463.91,3099.42,46,4891.130000000001,1,VIP Players
755,Andrew Washington,Bulgaria,2024-08-04,55,67,6174.4400000000005,92.1558208955224,8634.16,0.4477611940298507,1645.92,1893.09,67,2459.7199999999993,3,Dormant Players
756,Nicholas Brown,Congo,2025-01-12,19,55,5495.21,99.9129090909091,7674.629999999999,0.4181818181818181,1685.5,1429.43,55,2179.419999999999,2,Regular Players
757,Blake Miller,Isle of Man,2026-05-09,25,48,4429.75,92.28645833333331,5701.91,0.5,2690.94,88.34,48,1272.16,0,Casual Players
758,Danielle Reynolds,Israel,2025-09-16,61,43,4646.85,108.06627906976745,8663.75,0.5813953488372093,2411.44,3412.63,43,4016.9,1,VIP Players
759,Renee Ramirez,Isle of Man,2025-10-17,47,54,4692.49,86.89796296296296,8907.38,0.5740740740740741,615.4,3662.91,54,4214.889999999999,1,VIP Players
760,Terry Stevens,Australia,2025-09-09,62,59,5259.42,89.14271186440678,11837.76,0.6271186440677966,2093.52,2077.56,59,6578.34,3,Dormant Players
761,Scott Smith,Algeria,2024-04-15,44,42,4791.99,114.095,8137.47,0.5238095238095238,1853.49,1990.63,42,3345.4800000000005,1,VIP Players
762,Sharon King,Gibraltar,2026-01-29,60,46,4681.57,101.7732608695652,6282.86,0.4347826086956521,1366.74,2231.83,46,1601.29,0,Casual Players
763,Mrs. Megan Manning,Comoros,2025-01-01,45,60,6209.96,103.49933333333334,9196.21,0.5166666666666667,4896.72,0.0,60,2986.249999999999,3,Dormant Players
764,Andrew Davenport,Botswana,2025-09-22,37,47,5138.4,109.32765957446809,9477.4,0.5957446808510638,2989.15,3736.89,47,4339.0,1,VIP Players
765,Clinton Mitchell,French Southern Territories,2025-07-30,19,52,5209.68,100.18615384615386,7662.48,0.4807692307692308,693.98,946.7,52,2452.8,2,Regular Players
766,Natasha Rivera,Togo,2026-04-17,37,59,6040.21,102.3764406779661,6821.17,0.4406779661016949,4515.69,1303.61,59,780.96,2,Regular Players
767,James David,Iraq,2025-05-27,20,40,4129.1900000000005,103.22975,7126.25,0.55,2782.17,907.08,40,2997.0599999999995,1,VIP Players
768,Jessica Hunter,French Guiana,2025-05-10,64,52,5267.37,101.29557692307692,8034.2,0.5,3507.7799999999997,3446.85,52,2766.83,2,Regular Players
769,Edward Manning,Northern Mariana Islands,2024-03-24,27,48,5075.75,105.74479166666669,8639.0,0.5625,3412.5,2704.36,48,3563.25,1,VIP Players
770,Carly Mueller,Iraq,2024-09-27,63,33,2836.77,85.96272727272728,2540.77,0.303030303030303,2221.4,2797.3,33,-296.0,0,Casual Players
771,Robert Jefferson,Sao Tome and Principe,2023-11-16,32,52,5583.84,107.38153846153848,9076.67,0.5576923076923077,2454.93,1443.25,52,3492.83,3,Dormant Players
772,Shawn Turner,Bahrain,2024-11-20,44,55,5823.71,105.88563636363637,8021.23,0.4545454545454545,3617.11,2677.52,55,2197.5199999999995,2,Regular Players
773,Peter Price,Fiji,2025-12-10,26,45,4111.51,91.3668888888889,4942.91,0.3555555555555555,2247.6800000000003,2453.82,45,831.3999999999996,0,Casual Players
774,Matthew Trujillo,Barbados,2025-08-02,61,51,4672.51,91.61784313725492,4997.34,0.4901960784313725,3029.39,2005.09,51,324.8299999999999,0,Casual Players
775,Samantha Roberts,Cook Islands,2025-11-09,29,48,5161.09,107.52270833333334,9146.82,0.5833333333333334,1226.87,4722.54,48,3985.73,1,VIP Players
776,Kayla Hill,Niger,2026-05-16,52,58,5766.79,99.42741379310344,9489.68,0.6379310344827587,4570.45,1561.35,58,3722.89,3,Dormant Players
777,Brenda Rollins,Kiribati,2025-12-06,57,39,3797.43,97.37,2956.88,0.3846153846153846,1496.21,3176.8,39,-840.5499999999997,0,Casual Players
778,Heather Montes,Bermuda,2025-11-17,35,55,5431.08,98.74690909090909,10356.47,0.5636363636363636,2209.13,641.44,55,4925.389999999999,3,Dormant Players
779,Morgan Shelton,Poland,2024-07-08,57,57,6029.82,105.78631578947368,10136.85,0.4561403508771929,2466.1000000000004,686.09,57,4107.030000000001,3,Dormant Players
780,Joseph Jones,Bulgaria,2026-05-30,29,56,4877.4400000000005,87.09714285714287,8230.98,0.4642857142857143,2393.91,3008.68,56,3353.539999999999,2,Regular Players
781,Tom Rich,Tanzania,2024-08-10,19,42,4048.02,96.38142857142856,4673.68,0.5476190476190477,5509.62,2221.67,42,625.6600000000003,0,Casual Players
782,Julie Murray,Guam,2023-07-25,31,32,3693.21,115.4128125,7280.38,0.59375,1688.55,1761.07,32,3587.17,1,VIP Players
783,Allen Chaney,Benin,2023-09-08,36,51,4794.51,94.01,6050.02,0.4509803921568627,1610.78,2596.39,51,1255.5100000000002,2,Regular Players
784,Ricardo Jones MD,Spain,2024-07-25,24,47,5014.81,106.698085106383,8903.75,0.5106382978723404,5381.87,1336.78,47,3888.94,1,VIP Players
785,David Thompson,Faroe Islands,2024-11-23,61,57,5137.77,90.1363157894737,9387.65,0.4912280701754385,1363.63,2928.45,57,4249.879999999999,3,Dormant Players
786,Lori Hartman,Malawi,2023-12-26,57,38,3612.96,95.07789473684213,6694.09,0.5263157894736842,3715.26,2106.18,38,3081.13,0,Casual Players
787,Derrick Rhodes,South Georgia and the South Sandwich Islands,2025-03-22,37,58,5043.77,86.96155172413793,7534.27,0.4655172413793103,1779.79,2643.35,58,2490.5,2,Regular Players
788,Holly Lowe,Swaziland,2024-08-16,57,46,4659.45,101.29239130434782,7245.48,0.5217391304347826,2673.59,1526.61,46,2586.0300000000007,1,VIP Players
789,Jessica Hood,Tonga,2025-01-20,43,53,4699.0,88.66037735849056,5349.08,0.4150943396226415,5414.4,1915.67,53,650.0799999999999,2,Regular Players
790,Robert Fitzgerald,Tajikistan,2025-04-18,18,49,5824.6,118.86938775510204,7519.72,0.4081632653061224,4292.48,2875.5899999999997,49,1695.12,2,Regular Players
791,Kevin Hall,Chad,2025-04-02,39,48,4368.03,91.000625,6466.3,0.5,1215.11,1712.72,48,2098.2700000000004,0,Casual Players
792,Stephen King,Mongolia,2023-09-22,26,56,5919.65,105.70803571428571,8322.01,0.4642857142857143,2988.3900000000003,335.8,56,2402.3600000000006,2,Regular Players
793,Patricia Carpenter,Antigua and Barbuda,2026-05-12,38,46,4748.21,103.22195652173912,7232.67,0.5,395.98,3883.35,46,2484.46,1,VIP Players
794,Yvonne Miller,Timor-Leste,2024-02-07,38,40,3835.67,95.89175,5436.3099999999995,0.525,5381.5,5094.39,40,1600.6399999999994,0,Casual Players
795,Jacob Burns,Macao,2024-02-16,43,42,4129.28,98.31619047619049,6311.2,0.5238095238095238,1458.01,2062.48,42,2181.92,0,Casual Players
796,Melissa Mendoza,Argentina,2025-10-14,31,53,4678.99,88.28283018867924,8186.56,0.5283018867924528,3312.23,1842.26,53,3507.5700000000006,1,VIP Players
797,Daniel Mitchell,Ecuador,2025-02-15,19,48,4577.19,95.358125,6203.06,0.4166666666666667,1713.0300000000002,1911.91,48,1625.8700000000008,0,Casual Players
798,Antonio Cummings,Uzbekistan,2024-09-23,39,48,4797.43,99.94645833333334,8985.82,0.5416666666666666,4479.28,3547.69,48,4188.389999999999,1,VIP Players
799,Melissa Rojas,Liechtenstein,2025-11-08,64,45,4107.1,91.2688888888889,6506.33,0.5333333333333333,2162.0699999999997,1714.08,45,2399.2299999999996,0,Casual Players
800,James Stone,Lesotho,2024-04-15,24,58,5624.51,96.9743103448276,8385.58,0.5172413793103449,860.98,2863.69,58,2761.0699999999997,2,Regular Players
801,Patrick Marks,Albania,2025-05-17,34,45,4734.7,105.21555555555555,7735.88,0.5555555555555556,861.29,1222.7,45,3001.1800000000003,1,VIP Players
802,Glenn Davis,Portugal,2026-05-23,36,60,5456.91,90.9485,5792.26,0.3666666666666666,2935.81,1962.3,60,335.35000000000036,2,Regular Players
803,Jamie Schneider,Bouvet Island (Bouvetoya),2026-03-25,46,58,5528.97,95.32706896551724,4427.54,0.3275862068965517,4310.25,2335.59,58,-1101.4300000000003,2,Regular Players
804,Casey Sweeney,Oman,2026-03-15,42,47,3835.56,81.60765957446809,5702.54,0.4680851063829787,1469.13,2524.3,47,1866.98,0,Casual Players
805,John Suarez,Mozambique,2025-04-11,35,54,4748.58,87.93666666666667,7730.96,0.5555555555555556,270.34,798.87,54,2982.38,2,Regular Players
806,Tracy Branch,Singapore,2024-01-08,40,51,5020.47,98.44058823529411,6912.8,0.4705882352941176,3198.15,1715.5700000000002,51,1892.33,2,Regular Players
807,Frank Morris,Equatorial Guinea,2023-12-22,48,34,3355.3,98.68529411764706,4641.41,0.4411764705882353,2691.26,4698.69,34,1286.1099999999997,0,Casual Players
808,Jacob Quinn,Poland,2024-06-04,64,56,6234.79,111.33553571428573,10452.05,0.5892857142857143,1746.9499999999998,1905.71,56,4217.259999999999,3,Dormant Players
809,Samantha Johnson,Vanuatu,2024-10-14,24,37,3503.71,94.69486486486488,6962.38,0.5135135135135135,3040.68,2665.18,37,3458.67,0,Casual Players
810,Jordan Webb,Mayotte,2024-08-28,39,43,3902.74,90.7613953488372,5116.82,0.3953488372093023,3967.6,1476.11,43,1214.08,0,Casual Players
811,Derrick Dunn,Peru,2025-06-16,22,40,3007.06,75.1765,4951.53,0.475,2166.01,3464.85,40,1944.47,0,Casual Players
812,James Turner,Peru,2025-07-31,45,49,4831.72,98.60653061224492,10106.74,0.6326530612244898,2269.12,1917.04,49,5275.0199999999995,1,VIP Players
813,Stacy Harris,Isle of Man,2026-03-28,38,42,3850.18,91.67095238095236,4343.11,0.4285714285714285,1736.69,3566.95,42,492.92999999999984,0,Casual Players
814,Anthony Martin,Algeria,2024-02-26,31,50,5021.34,100.4268,8711.27,0.56,1391.91,3975.2,50,3689.93,1,VIP Players
815,Ryan Johnson,Jersey,2025-03-19,18,45,5131.12,114.02488888888888,7142.05,0.3777777777777777,1960.8,2613.5299999999997,45,2010.9300000000003,2,Regular Players
816,Melissa Beltran,Kyrgyz Republic,2025-02-20,53,56,5192.48,92.72285714285714,7205.24,0.4285714285714285,2144.59,1591.72,56,2012.76,2,Regular Players
817,Theresa Romero,Kyrgyz Republic,2025-10-06,25,43,4118.12,95.77023255813953,5478.35,0.4418604651162791,2814.94,3172.48,43,1360.2300000000005,0,Casual Players
818,Elijah Jones,Christmas Island,2023-07-24,61,45,5417.28,120.384,8829.3,0.6,2252.82,4542.55,45,3412.0199999999995,1,VIP Players
819,Michael May,United Arab Emirates,2024-12-28,55,47,3751.28,79.81446808510638,5529.26,0.4680851063829787,743.82,2765.46,47,1777.98,0,Casual Players
820,Jeremiah Hoffman,Djibouti,2023-09-13,60,48,5094.95,106.14479166666666,7660.45,0.5416666666666666,2432.6800000000003,3325.34,48,2565.5,1,VIP Players
821,Stacy Spencer,Monaco,2025-09-24,42,45,4230.15,94.00333333333332,5685.17,0.4444444444444444,1937.91,3252.93,45,1455.0200000000004,0,Casual Players
822,Sabrina Molina,Saint Martin,2025-04-01,32,46,4181.69,90.90630434782608,6502.9,0.5217391304347826,1920.35,3465.21,46,2321.21,0,Casual Players
823,Samuel Campbell,Bosnia and Herzegovina,2024-10-23,56,38,3981.04,104.7642105263158,3753.71,0.3421052631578947,3828.78,893.08,38,-227.32999999999993,0,Casual Players
824,Amy Wilson,Zimbabwe,2024-09-20,18,46,5509.3,119.76739130434784,11330.87,0.6086956521739131,3278.42,2357.35,46,5821.569999999999,1,VIP Players
825,Cynthia King,Morocco,2025-01-28,46,41,3027.05,73.83048780487805,5146.04,0.4878048780487805,663.0,3409.96,41,2118.99,0,Casual Players
826,Sheila Smith,New Zealand,2023-10-18,53,42,4754.45,113.20119047619048,7257.7,0.4761904761904761,1894.5,3356.48,42,2503.25,1,VIP Players
827,Jodi Hernandez,Angola,2025-06-22,62,48,4784.05,99.66770833333334,5419.17,0.4791666666666667,1108.18,1617.73,48,635.1199999999999,0,Casual Players
828,Jennifer Powell,Bhutan,2024-11-12,20,37,3743.22,101.1681081081081,3884.02,0.4324324324324324,1047.17,1807.73,37,140.80000000000018,0,Casual Players
829,Christopher Thomas,Congo,2026-02-23,54,43,4664.65,108.48023255813952,9021.94,0.627906976744186,7329.1,2362.91,43,4357.290000000001,1,VIP Players
830,Danny Murray,Malaysia,2024-04-08,50,50,5020.44,100.4088,5885.28,0.4,2870.0699999999997,1242.4499999999998,50,864.8400000000001,2,Regular Players
831,Shawn Velez,Dominica,2024-01-28,61,50,4674.45,93.489,9178.02,0.56,3757.14,1179.3,50,4503.570000000001,1,VIP Players
832,Tyler Cunningham,Tajikistan,2025-01-16,60,47,4404.9,93.72127659574468,7436.65,0.5319148936170213,2752.71,2043.72,47,3031.75,1,VIP Players
833,Jane Pace,Iraq,2025-08-16,27,58,5943.29,102.47051724137933,8161.33,0.4482758620689655,674.0899999999999,6882.5,58,2218.04,2,Regular Players
834,Cody Gonzalez,South Africa,2024-10-21,64,60,6072.0,101.2,10404.42,0.5333333333333333,4740.49,3383.9700000000003,60,4332.42,3,Dormant Players
835,Susan Johnson,Peru,2025-05-25,44,51,5360.33,105.10450980392156,9687.57,0.6078431372549019,2274.44,3559.02,51,4327.24,1,VIP Players
836,Gabrielle Wood,Andorra,2024-12-16,45,44,4404.28,100.09727272727272,7808.12,0.5,2081.89,5639.93,44,3403.84,1,VIP Players
837,Amber Sanders,Israel,2024-01-15,27,52,5221.53,100.41403846153844,9125.91,0.5384615384615384,3813.12,1087.34,52,3904.38,1,VIP Players
838,Dustin Munoz,Tajikistan,2026-05-09,21,56,5293.86,94.53321428571428,5476.64,0.3214285714285714,3988.0,5234.780000000001,56,182.78000000000063,2,Regular Players
839,Kathleen Vasquez,Iran,2025-10-15,33,52,5306.71,102.0521153846154,8671.76,0.5192307692307693,1767.29,1705.13,52,3365.05,2,Regular Players
840,Mark Gibson,Gambia,2023-10-02,21,54,5290.46,97.97148148148148,7540.39,0.5185185185185185,1327.3,2172.85,54,2249.9300000000003,2,Regular Players
841,Douglas Crawford,Bangladesh,2026-05-25,53,37,3660.86,98.94216216216216,5196.43,0.4594594594594595,3977.44,3643.71,37,1535.5700000000002,0,Casual Players
842,Jill Bates,Zimbabwe,2025-10-06,31,51,4702.27,92.2013725490196,8073.83,0.5098039215686274,3505.94,2785.07,51,3371.5599999999995,1,VIP Players
843,Amy White,Venezuela,2025-09-05,65,51,4968.26,97.41686274509804,7488.35,0.4705882352941176,4606.89,2887.84,51,2520.09,2,Regular Players
844,Frederick Moore,Sao Tome and Principe,2025-04-06,38,51,5463.76,107.13254901960784,7896.16,0.4509803921568627,1401.0300000000002,1888.3,51,2432.3999999999996,2,Regular Players
845,Victoria Mann,Holy See (Vatican City State),2026-06-10,53,50,4916.95,98.339,6941.29,0.48,1419.06,3026.98,50,2024.34,2,Regular Players
846,John Oconnell,Indonesia,2023-12-17,21,48,5122.17,106.711875,7249.44,0.4166666666666667,805.69,1804.5,48,2127.2700000000004,2,Regular Players
847,Kathryn Holmes,Taiwan,2023-07-17,62,49,4413.12,90.06367346938775,5180.429999999999,0.3877551020408163,1538.55,3100.85,49,767.3099999999995,0,Casual Players
848,Jordan King,Western Sahara,2024-09-16,58,52,5455.89,104.92096153846154,5618.11,0.3846153846153846,2679.8,1120.84,52,162.21999999999937,2,Regular Players
849,Samantha Conner,Sudan,2026-04-26,48,50,4992.95,99.859,6704.94,0.44,2963.55,1801.76,50,1711.9899999999998,2,Regular Players
850,Kim Kaiser,Mexico,2024-02-17,56,47,4783.02,101.7663829787234,10315.74,0.6595744680851063,1635.5,2880.58,47,5532.719999999999,1,VIP Players
851,Daniel Little,Moldova,2025-08-18,53,45,5455.02,121.22266666666668,10717.8,0.6222222222222222,2430.98,1831.46,45,5262.779999999999,1,VIP Players
852,Kathryn Gonzales,Czech Republic,2026-06-13,33,49,4908.32,100.16979591836734,6818.889999999999,0.5102040816326531,1342.6,1823.61,49,1910.5699999999997,2,Regular Players
853,Shawn Payne,Bahrain,2024-06-13,34,52,4492.15,86.38749999999999,8651.26,0.5769230769230769,3295.31,4195.74,52,4159.110000000001,1,VIP Players
854,Jennifer Taylor,Azerbaijan,2026-02-05,63,58,5449.63,93.95913793103448,8173.14,0.5172413793103449,2302.0299999999997,2703.77,58,2723.51,2,Regular Players
855,Jessica Wright,Syrian Arab Republic,2026-04-18,22,37,3917.42,105.87621621621622,8588.89,0.7027027027027027,3933.2,2639.25,37,4671.469999999999,1,VIP Players
856,Jennifer Hurley,Gambia,2025-07-24,29,57,5855.71,102.73175438596492,9869.65,0.4561403508771929,3296.7,5053.36,57,4013.94,3,Dormant Players
857,Jared Rodriguez,Peru,2023-08-31,40,44,4668.83,106.10977272727273,7640.01,0.4772727272727273,2905.5,3481.57,44,2971.1800000000003,1,VIP Players
858,Kelly White,Greenland,2025-12-08,27,44,4895.01,111.25022727272729,7260.08,0.4772727272727273,1085.9,902.63,44,2365.0699999999997,1,VIP Players
859,Jessica Hawkins MD,Ecuador,2023-08-23,35,43,4155.32,96.63534883720928,4226.24,0.3953488372093023,1864.17,1634.5,43,70.92000000000007,0,Casual Players
860,David Rios,Bahamas,2024-08-11,49,56,5334.66,95.26178571428572,7441.94,0.5178571428571429,2900.93,1633.12,56,2107.2799999999997,2,Regular Players
861,Ricky Bennett DVM,Brazil,2025-11-08,45,45,4407.14,97.93644444444443,8610.1,0.4666666666666667,3700.13,4512.66,45,4202.96,1,VIP Players
862,Justin Martinez Jr.,Malta,2026-02-15,53,57,5672.88,99.5242105263158,6263.67,0.3859649122807017,1239.61,3253.73,57,590.79,2,Regular Players
863,Leah Mcintyre,Anguilla,2024-08-13,46,50,5102.39,102.0478,6976.83,0.48,4049.12,4189.89,50,1874.4399999999996,2,Regular Players
864,Charles Flores,Cambodia,2024-03-01,19,47,5442.05,115.78829787234044,9240.07,0.4893617021276595,1617.99,1422.38,47,3798.019999999999,1,VIP Players
865,Luis Atkins,Pakistan,2024-02-16,28,58,6126.05,105.62155172413792,8050.58,0.3793103448275862,958.65,1050.49,58,1924.5299999999995,2,Regular Players
866,Michelle Patel,Philippines,2024-04-14,43,56,6348.92,113.37357142857142,5785.01,0.3392857142857143,429.52,2554.57,56,-563.9099999999999,2,Regular Players
867,Kevin Klein,Libyan Arab Jamahiriya,2025-03-11,42,54,5936.55,109.93611111111112,7478.4,0.3888888888888889,501.82,2899.8199999999997,54,1541.8499999999997,2,Regular Players
868,Jason Moore,Senegal,2024-10-14,33,53,5799.95,109.43301886792452,8595.38,0.4716981132075472,0.0,1940.2,53,2795.4299999999994,2,Regular Players
869,Steven Logan,Kuwait,2024-04-29,21,50,3986.36,79.7272,7256.55,0.52,3888.36,2244.97,50,3270.19,0,Casual Players
870,Barry Robinson,French Guiana,2023-11-24,42,55,5877.74,106.868,8471.04,0.4909090909090909,2536.79,840.6300000000001,55,2593.300000000001,2,Regular Players
871,Caitlin Thompson,Saint Barthelemy,2025-07-19,61,58,5860.43,101.04189655172414,9971.73,0.5,4592.2,4757.37,58,4111.299999999999,3,Dormant Players
872,Samantha Little,Angola,2024-03-03,42,53,5439.98,102.64113207547167,9654.66,0.5660377358490566,3722.63,2927.86,53,4214.68,3,Dormant Players
873,Tara Stephenson,Ecuador,2023-09-10,47,48,5195.63,108.24229166666667,9403.0,0.5833333333333334,1565.83,1451.99,48,4207.37,1,VIP Players
874,Andrew Hoffman,Kyrgyz Republic,2024-03-08,39,51,5127.27,100.53470588235297,10137.72,0.5490196078431373,4460.97,1152.96,51,5010.449999999999,1,VIP Players
875,Kimberly Freeman,Bahrain,2025-11-09,32,56,5669.38,101.23892857142856,9254.83,0.5178571428571429,1629.07,1734.54,56,3585.45,3,Dormant Players
876,Cassandra Brewer,Djibouti,2024-01-01,52,43,5054.57,117.54813953488372,8401.9,0.4651162790697674,1502.38,3455.88,43,3347.33,1,VIP Players
877,Madison Hebert,Austria,2025-07-13,18,44,4755.02,108.06863636363636,6546.9400000000005,0.5,1576.57,2653.9,44,1791.92,0,Casual Players
878,Karen Gilmore,Western Sahara,2023-11-11,40,48,5258.39,109.54979166666668,8998.28,0.5208333333333334,3738.27,1634.5,48,3739.89,1,VIP Players
879,Jennifer Perez,Comoros,2024-04-29,62,48,4758.82,99.14208333333332,8173.72,0.6041666666666666,1690.53,1750.81,48,3414.9000000000005,1,VIP Players
880,Jonathan Fitzgerald,Christmas Island,2023-11-21,24,52,5151.41,99.06557692307692,6266.53,0.4423076923076923,4009.36,2174.5299999999997,52,1115.12,2,Regular Players
881,Michael Sexton,Malaysia,2023-11-22,45,59,6083.57,103.11135593220338,8697.07,0.4406779661016949,1857.13,632.94,59,2613.5,2,Regular Players
882,Robert Cooley,Eritrea,2024-10-16,24,41,4490.16,109.5160975609756,8429.94,0.5853658536585366,1869.52,8329.210000000001,41,3939.7800000000007,1,VIP Players
883,Chris Fuller,Iran,2026-04-04,33,42,4159.2699999999995,99.03023809523808,5691.71,0.5238095238095238,279.99,1417.15,42,1532.4400000000005,0,Casual Players
884,Kyle Peterson,Iraq,2026-03-15,37,47,4455.37,94.79510638297872,8005.93,0.574468085106383,1863.97,1101.2800000000002,47,3550.5600000000004,1,VIP Players
885,Laura Norris,Cuba,2024-04-27,57,44,5732.37,130.28113636363636,8606.9,0.5227272727272727,2833.39,4487.38,44,2874.5299999999997,1,VIP Players
886,Heather Farrell,Venezuela,2025-05-11,33,42,4574.3,108.91190476190476,4771.46,0.3809523809523809,5014.0199999999995,1111.05,42,197.15999999999983,0,Casual Players
887,Bridget Ayers MD,Germany,2024-02-29,55,46,5177.12,112.54608695652172,8191.41,0.5,1439.83,3744.92,46,3014.29,1,VIP Players
888,Denise Nunez,Lao People's Democratic Republic,2025-02-04,18,51,5590.26,109.6129411764706,8594.83,0.4705882352941176,1145.62,1985.0,51,3004.5699999999997,2,Regular Players
889,Jesse Jordan,Rwanda,2026-07-14,28,49,4273.86,87.22163265306122,5336.59,0.4285714285714285,4208.87,880.21,49,1062.7300000000005,0,Casual Players
890,Kara White,Chad,2024-05-12,19,44,4878.7,110.87954545454544,4690.15,0.4090909090909091,2970.22,3768.77,44,-188.55000000000015,0,Casual Players
891,Tiffany Cruz,Central African Republic,2025-12-19,36,47,4257.39,90.5827659574468,5808.79,0.4468085106382978,1128.6799999999998,1734.5,47,1551.3999999999996,0,Casual Players
892,Christopher Beltran,Ghana,2026-06-14,26,56,5366.79,95.83553571428573,11023.68,0.625,3131.9,1365.63,56,5656.89,3,Dormant Players
893,Aaron Adams,Turkey,2025-08-20,43,49,4787.26,97.6991836734694,4958.33,0.3673469387755102,2486.31,2941.19,49,171.0699999999997,0,Casual Players
894,Anna Davis,Panama,2024-05-26,36,39,4542.57,116.47615384615384,4446.74,0.3846153846153846,3352.58,2118.92,39,-95.82999999999991,0,Casual Players
895,Randy Crawford,Azerbaijan,2026-06-29,48,47,4628.98,98.48893617021275,7384.99,0.5957446808510638,2223.23,1760.23,47,2756.01,1,VIP Players
896,Dr. Thomas Morales DDS,Malaysia,2024-08-07,46,44,4217.09,95.84295454545456,7440.85,0.5909090909090909,3486.39,2094.31,44,3223.76,1,VIP Players
897,Sergio Arellano,United States Virgin Islands,2024-03-03,60,48,4017.25,83.69270833333333,5973.64,0.4583333333333333,2702.16,1637.43,48,1956.3900000000003,0,Casual Players
898,Maria Russell,Spain,2025-11-06,18,70,6616.76,94.52514285714284,9681.63,0.4428571428571428,4083.14,2864.29,70,3064.869999999999,3,Dormant Players
899,Juan Johnson,Bahrain,2025-12-31,25,60,6114.4,101.90666666666668,11161.43,0.5666666666666667,2901.13,1346.6799999999998,60,5047.030000000001,3,Dormant Players
900,Dr. Nathan Sweeney,Antarctica (the territory South of 60 deg S),2024-08-05,26,50,4918.09,98.3618,9650.83,0.6,3673.91,1579.52,50,4732.74,1,VIP Players
901,Jeff Brewer,Comoros,2025-04-14,49,57,6184.11,108.49315789473684,10456.84,0.5087719298245614,1664.17,4905.3,57,4272.7300000000005,3,Dormant Players
902,Amanda Harper,Saint Barthelemy,2025-08-12,23,48,4967.35,103.48645833333336,6880.75,0.4791666666666667,2064.61,1174.68,48,1913.3999999999996,2,Regular Players
903,Colin Gordon,Panama,2026-05-30,63,53,5006.93,94.47037735849057,8006.61,0.490566037735849,629.11,3146.9,53,2999.6799999999994,2,Regular Players
904,Dawn Garcia,British Indian Ocean Territory (Chagos Archipelago),2026-06-16,23,52,5110.53,98.27942307692308,10190.35,0.5961538461538461,2352.46,4678.03,52,5079.820000000001,1,VIP Players
905,Regina Wright,Northern Mariana Islands,2025-06-29,35,56,4864.35,86.86339285714287,9768.76,0.5714285714285714,601.52,1418.59,56,4904.41,3,Dormant Players
906,Larry Oneill,Barbados,2024-03-10,38,35,3425.85,97.88142857142856,4781.8,0.4571428571428571,2467.74,2044.34,35,1355.9500000000005,0,Casual Players
907,Melissa Nichols,Svalbard & Jan Mayen Islands,2025-01-01,31,61,6514.42,106.79377049180329,10758.92,0.4754098360655737,4537.85,2257.6,61,4244.5,3,Dormant Players
908,Amy Butler,Svalbard & Jan Mayen Islands,2025-07-17,40,58,5733.95,98.86120689655172,7988.39,0.5,2184.3,4149.8,58,2254.4400000000005,2,Regular Players
909,Kathryn Long,Oman,2026-04-07,56,52,5176.83,99.55442307692309,8550.7,0.4615384615384615,2357.12,1301.38,52,3373.870000000001,2,Regular Players
910,Donald Vincent,Azerbaijan,2026-04-29,61,49,5069.52,103.4595918367347,10704.69,0.6122448979591837,2071.39,1834.49,49,5635.17,1,VIP Players
911,Adam Mitchell,Latvia,2026-03-05,21,48,4579.19,95.39979166666666,4817.22,0.4791666666666667,1358.42,1356.2,48,238.03000000000063,0,Casual Players
912,Chloe Murray,Singapore,2024-08-13,31,57,5200.91,91.2440350877193,5681.36,0.4035087719298245,3099.69,2674.36,57,480.4499999999998,2,Regular Players
913,Savannah Bell,Cayman Islands,2024-11-06,30,55,5082.87,92.41581818181818,6746.1,0.4545454545454545,612.4300000000001,2089.63,55,1663.2300000000005,2,Regular Players
914,Lori Brown,Kenya,2025-08-02,64,62,5605.91,90.41790322580646,8020.98,0.4193548387096774,3827.4,1605.11,62,2415.0699999999997,2,Regular Players
915,Kyle Novak,Liberia,2023-08-17,24,57,6274.59,110.08052631578948,10225.12,0.543859649122807,2409.61,1437.3,57,3950.5300000000007,3,Dormant Players
916,John Simon,Denmark,2024-12-29,46,49,4772.26,97.3930612244898,7185.969999999999,0.4693877551020408,2032.82,4380.75,49,2413.709999999999,2,Regular Players
917,Terri Kim,Jordan,2024-05-02,60,52,5952.43,114.4698076923077,9868.01,0.4807692307692308,1631.97,4930.65,52,3915.58,3,Dormant Players
918,Priscilla Mitchell,Antigua and Barbuda,2025-04-11,59,59,6912.02,117.1528813559322,10726.03,0.4915254237288136,6272.37,2959.92,59,3814.01,3,Dormant Players
919,Chris Mccall,Mexico,2026-03-16,25,59,5519.35,93.54830508474576,9025.38,0.5084745762711864,2658.17,4092.1,59,3506.029999999999,3,Dormant Players
920,Bradley Ho,Iraq,2025-08-14,36,60,5585.39,93.08983333333336,6052.21,0.3833333333333333,1669.65,1346.23,60,466.8199999999997,2,Regular Players
921,Raymond Richardson,Latvia,2024-08-20,43,67,6799.32,101.48238805970148,9029.86,0.4477611940298507,2826.63,1903.42,67,2230.540000000001,3,Dormant Players
922,Andrew Hunt,Heard Island and McDonald Islands,2024-12-17,21,45,4503.62,100.08044444444444,7911.0,0.5555555555555556,3753.76,1353.73,45,3407.38,1,VIP Players
923,Robert Braun,Malaysia,2023-08-11,63,50,5305.99,106.1198,11483.66,0.66,2879.48,1102.9299999999998,50,6177.67,1,VIP Players
924,Jose Shelton,Togo,2024-01-20,21,51,5574.91,109.31196078431373,6205.45,0.3529411764705882,4236.35,1076.8000000000002,51,630.54,2,Regular Players
925,John Newton,Christmas Island,2023-10-28,45,69,6384.62,92.53072463768116,10442.04,0.5072463768115942,3760.32,2854.35,69,4057.420000000001,3,Dormant Players
926,Daniel Wolfe,Guinea-Bissau,2025-03-19,52,49,4763.2300000000005,97.20877551020408,8137.89,0.5510204081632653,2553.81,5198.36,49,3374.66,1,VIP Players
927,Kristina Williams,Dominica,2023-10-21,31,57,5484.75,96.22368421052632,9021.11,0.4385964912280701,1698.19,3396.67,57,3536.3600000000006,2,Regular Players
928,Andrew Pruitt,Denmark,2025-05-18,24,59,6824.37,115.66728813559322,6890.21,0.3389830508474576,2387.73,2355.39,59,65.84000000000015,2,Regular Players
929,Kimberly White,Myanmar,2024-12-09,63,44,4552.83,103.47340909090909,7961.02,0.5681818181818182,2244.05,3488.55,44,3408.1899999999996,1,VIP Players
930,Heather Mullins,Seychelles,2025-03-07,41,48,4310.71,89.80645833333334,7811.21,0.6458333333333334,5730.9,1246.04,48,3500.5,1,VIP Players
931,Melissa Clark,Niger,2024-07-09,27,57,5737.74,100.6621052631579,7820.77,0.4210526315789473,5136.48,203.41,57,2083.0300000000007,2,Regular Players
932,Jacqueline Guzman,Nicaragua,2023-10-09,36,44,3679.97,83.63568181818182,4173.25,0.4318181818181818,4415.41,2316.96,44,493.27999999999975,0,Casual Players
933,Christine Hall,Cote d'Ivoire,2024-06-14,55,41,4001.09,97.58756097560976,4667.11,0.4146341463414634,994.64,2612.5699999999997,41,666.0199999999995,0,Casual Players
934,Edward Dougherty,Antigua and Barbuda,2025-08-12,32,55,5484.58,99.71963636363635,11146.2,0.5636363636363636,2997.8,2521.65,55,5661.620000000001,3,Dormant Players
935,Gavin Chen,Dominica,2025-10-25,48,49,4611.41,94.1104081632653,7043.53,0.5306122448979592,1160.18,1971.84,49,2432.12,1,VIP Players
936,Vanessa Smith,Costa Rica,2025-04-16,20,47,4210.59,89.58702127659575,6170.07,0.5531914893617021,1605.31,1095.38,47,1959.4799999999996,0,Casual Players
937,Lauren Wilson,Malaysia,2025-12-10,18,59,5826.47,98.75372881355932,11129.58,0.6440677966101694,1230.3200000000002,4434.33,59,5303.11,3,Dormant Players
938,Dr. Jessica Chen,Cocos (Keeling) Islands,2025-12-25,47,52,4845.88,93.19,7583.83,0.5769230769230769,2798.84,1261.6,52,2737.95,1,VIP Players
939,Sarah George,Aruba,2023-12-05,20,50,5103.84,102.0768,9214.13,0.5,1850.87,1353.89,50,4110.289999999999,1,VIP Players
940,Heather Edwards,Oman,2024-12-14,44,42,3881.58,92.41857142857144,5667.360000000001,0.5,635.4200000000001,3362.08,42,1785.7800000000009,0,Casual Players
941,Maria Lopez,Montserrat,2025-12-06,46,45,4542.78,100.95066666666666,8833.72,0.6,2663.09,1791.5500000000002,45,4290.94,1,VIP Players
942,Matthew Merritt,Gambia,2025-03-12,36,61,6199.1900000000005,101.6260655737705,9389.09,0.5245901639344263,4159.9800000000005,2347.23,61,3189.8999999999996,3,Dormant Players
943,Jennifer Miranda,Yemen,2026-01-16,54,42,4053.61,96.5145238095238,3428.16,0.3095238095238095,2528.76,2318.37,42,-625.4500000000003,0,Casual Players
944,Donna Gomez,Barbados,2024-04-10,56,47,4508.49,95.92531914893615,7368.37,0.5531914893617021,570.1300000000001,6283.83,47,2859.88,1,VIP Players
945,Shelby Goodwin,Cyprus,2025-03-16,30,56,5986.43,106.90053571428572,7725.65,0.4642857142857143,4830.34,573.24,56,1739.2199999999991,2,Regular Players
946,Colleen Garcia,Macao,2024-02-07,65,60,6063.67,101.06116666666668,6914.83,0.4,3926.77,981.73,60,851.1599999999999,2,Regular Players
947,Andre Jackson,Jamaica,2026-05-30,44,54,6235.82,115.47814814814814,12835.72,0.6111111111111112,3411.6,3225.7,54,6599.9,3,Dormant Players
948,Aaron Ramsey,Antarctica (the territory South of 60 deg S),2023-10-06,32,58,6787.07,117.01844827586208,8527.61,0.396551724137931,3958.69,3611.41,58,1740.5400000000009,2,Regular Players
949,Kelsey Taylor,Holy See (Vatican City State),2026-03-02,39,54,5401.12,100.02074074074072,8715.26,0.6296296296296297,1039.67,1789.33,54,3314.1400000000003,1,VIP Players
950,Benjamin Martin,Pitcairn Islands,2025-04-20,50,38,3681.5,96.88157894736842,8371.62,0.631578947368421,2713.42,2676.66,38,4690.120000000001,1,VIP Players
951,Joel Shaw,Australia,2025-08-05,63,47,5027.68,106.97191489361704,8871.09,0.6170212765957447,3549.35,3304.89,47,3843.41,1,VIP Players
952,Michael Jackson,Burkina Faso,2024-12-02,24,55,4993.1,90.78363636363638,8550.58,0.5454545454545454,1375.01,1465.18,55,3557.4799999999996,2,Regular Players
953,Andrew Smith,Nicaragua,2026-05-22,30,54,6376.07,118.07537037037036,11693.25,0.5370370370370371,5717.09,3306.6400000000003,54,5317.18,3,Dormant Players
954,Sheila Hernandez,Congo,2024-09-16,46,63,5885.68,93.42349206349206,6293.0,0.4285714285714285,2721.1800000000003,2808.84,63,407.3199999999997,2,Regular Players
955,James Johnson,Saudi Arabia,2024-12-05,55,63,6097.5199999999995,96.78603174603174,6889.1,0.4603174603174603,2592.51,1474.33,63,791.5800000000008,2,Regular Players
956,Andrea Gutierrez,Bouvet Island (Bouvetoya),2025-06-07,56,53,5251.63,99.08735849056605,7932.91,0.4716981132075472,2678.06,2750.61,53,2681.2799999999997,2,Regular Players
957,Bruce Garcia,Saint Helena,2025-02-22,25,54,6056.92,112.16518518518518,8652.56,0.4814814814814814,3265.16,1974.52,54,2595.6399999999994,3,Dormant Players
958,Toni Dorsey,Gibraltar,2026-06-26,64,44,4300.52,97.73909090909092,3617.01,0.2954545454545454,3892.45,3765.13,44,-683.5100000000007,0,Casual Players
959,Lance Shepherd,Namibia,2024-06-22,50,60,6224.0199999999995,103.73366666666666,7957.36,0.4333333333333333,3953.68,2489.2799999999997,60,1733.34,2,Regular Players
960,Nicole Taylor,Hungary,2023-09-02,18,58,4861.91,83.82603448275862,7736.64,0.4310344827586206,2043.92,3540.47,58,2874.7300000000005,2,Regular Players
961,Zachary Perkins,Uruguay,2025-08-09,56,34,3907.28,114.92,7388.0,0.6470588235294118,1789.23,1681.86,34,3480.72,1,VIP Players
962,Catherine Jones,Bermuda,2025-09-02,40,60,5310.33,88.5055,7169.13,0.3833333333333333,977.71,1506.14,60,1858.8,2,Regular Players
963,Robert Thomas,United Arab Emirates,2025-02-23,30,42,4469.12,106.40761904761904,6373.08,0.5,4328.05,1867.78,42,1903.96,0,Casual Players
964,Katherine Cooley,British Virgin Islands,2024-02-08,29,59,6153.3,104.29322033898303,8777.89,0.5254237288135594,4709.38,4739.83,59,2624.5899999999992,3,Dormant Players
965,Veronica Avila,Guatemala,2025-03-04,43,70,7435.2,106.21714285714286,10706.78,0.4714285714285714,4171.47,278.04,70,3271.580000000001,3,Dormant Players
966,Christopher Russell,Ireland,2024-06-10,40,56,5250.26,93.75464285714284,9779.0,0.5357142857142857,2936.83,2451.81,56,4528.74,3,Dormant Players
967,Brooke Reese,Central African Republic,2025-03-27,30,56,6603.1,117.9125,10016.6,0.5178571428571429,1288.92,3502.7200000000003,56,3413.5,3,Dormant Players
968,Hector Mitchell,Australia,2025-01-10,47,47,4680.96,99.59489361702128,9674.19,0.5531914893617021,2814.95,5441.75,47,4993.2300000000005,1,VIP Players
969,Michael Duncan,Finland,2026-04-28,47,47,4805.57,102.24617021276596,8994.05,0.6808510638297872,3619.69,2002.15,47,4188.48,1,VIP Players
970,Craig Obrien,Slovenia,2024-06-11,32,44,4808.34,109.28045454545456,9025.09,0.5454545454545454,3628.8,3704.56,44,4216.75,1,VIP Players
971,Jodi Harper,Austria,2024-03-05,51,64,7082.42,110.6628125,12415.47,0.578125,3846.56,3807.14,64,5333.049999999999,3,Dormant Players
972,Nicole Nguyen,Peru,2025-11-19,57,51,5527.45,108.3813725490196,9787.5,0.6078431372549019,3888.79,1952.43,51,4260.05,1,VIP Players
973,Thomas Wyatt,Ethiopia,2023-11-15,55,46,4598.75,99.97282608695652,5442.2,0.4347826086956521,2895.95,240.18,46,843.4499999999998,0,Casual Players
974,Carlos Woodard,Croatia,2025-10-31,31,58,6191.41,106.74844827586206,10023.41,0.5517241379310345,2980.32,3036.19,58,3832.0,3,Dormant Players
975,Shawna Johnson,Luxembourg,2024-10-01,57,43,4205.2,97.7953488372093,5635.86,0.3720930232558139,3852.93,1567.12,43,1430.66,0,Casual Players
976,Angela Barker,Iraq,2026-05-01,57,59,6247.94,105.8972881355932,9879.3,0.5254237288135594,1073.44,1041.43,59,3631.36,3,Dormant Players
977,John Hudson,Slovenia,2023-09-21,39,51,5516.15,108.15980392156862,5978.74,0.4313725490196078,4141.3,375.34,51,462.59000000000015,2,Regular Players
978,Zachary Swanson,Estonia,2025-07-04,55,57,5216.44,91.51649122807017,7401.52,0.4210526315789473,2308.6800000000003,2607.22,57,2185.08,2,Regular Players
979,Johnathan Quinn,Serbia,2023-12-08,21,59,6217.27,105.37745762711864,6426.8,0.423728813559322,4429.72,3695.53,59,209.52999999999977,2,Regular Players
980,Joshua Nguyen,Romania,2023-08-01,37,52,6058.54,116.5103846153846,9758.65,0.5,815.42,4440.6,52,3700.11,3,Dormant Players
981,Holly Campbell,Korea,2026-02-26,26,44,4563.39,103.7134090909091,6571.57,0.4772727272727273,1931.03,3526.25,44,2008.1799999999992,0,Casual Players
982,Benjamin Colon,Azerbaijan,2025-09-22,20,48,4626.24,96.38,9816.35,0.6041666666666666,2108.57,440.61,48,5190.110000000001,1,VIP Players
983,Allen Thompson,Martinique,2025-10-05,38,35,3606.72,103.04914285714288,5506.93,0.4,3069.31,1988.17,35,1900.21,0,Casual Players
984,Shirley Owens,France,2024-08-13,29,50,4856.05,97.121,7291.57,0.46,2526.1800000000003,1357.27,50,2435.5199999999995,2,Regular Players
985,Peter Cline,Ukraine,2025-05-19,36,60,6011.84,100.19733333333332,10611.49,0.5,2502.14,2264.41,60,4599.65,3,Dormant Players
986,James Hart,Cyprus,2024-01-05,59,50,5086.05,101.721,9753.59,0.56,2759.82,2779.48,50,4667.54,1,VIP Players
987,Audrey Cardenas,Chad,2026-06-12,47,40,3859.17,96.47925,6352.66,0.525,3582.06,2525.66,40,2493.49,0,Casual Players
988,Mark Kelly,New Caledonia,2024-03-10,39,56,5541.04,98.94714285714284,8892.08,0.5357142857142857,1553.63,1087.44,56,3351.04,3,Dormant Players
989,Edwin Carpenter,Gibraltar,2025-05-31,59,46,4418.26,96.0491304347826,7184.33,0.5,1328.52,1836.98,46,2766.0699999999997,0,Casual Players
990,Amy Becker MD,Guatemala,2024-04-16,52,52,6050.36,116.35307692307693,7708.26,0.4807692307692308,253.84,3719.18,52,1657.9000000000003,2,Regular Players
991,Hailey Johnson,Thailand,2026-01-19,20,43,4589.09,106.72302325581396,8120.49,0.5581395348837209,2646.58,2421.23,43,3531.3999999999996,1,VIP Players
992,Patricia Rodriguez,American Samoa,2023-08-10,58,58,5259.06,90.67344827586209,8788.92,0.5517241379310345,1905.7,3585.05,58,3529.8599999999997,3,Dormant Players
993,Jamie Gardner,Lesotho,2026-07-16,28,46,4561.01,99.15239130434784,8168.78,0.5652173913043478,4137.24,2356.55,46,3607.769999999999,1,VIP Players
994,Brian Shepard,Malta,2026-02-21,31,44,4095.25,93.07386363636364,7563.51,0.5681818181818182,3567.04,759.98,44,3468.26,1,VIP Players
995,Jeffrey Martin,Bolivia,2023-08-12,28,52,4983.6900000000005,95.84019230769232,8817.88,0.5384615384615384,3706.52,2139.09,52,3834.1899999999982,1,VIP Players
996,James Massey,Papua New Guinea,2025-10-04,33,56,5463.88,97.56928571428573,6750.13,0.4642857142857143,4439.25,1805.13,56,1286.25,2,Regular Players
997,Claudia Peterson,Micronesia,2025-11-16,27,35,3175.47,90.72771428571428,5847.11,0.5714285714285714,4195.13,2739.6,35,2671.64,0,Casual Players
998,Oscar Phillips,Wallis and Futuna,2025-08-27,57,53,5482.54,103.44415094339622,8236.86,0.5094339622641509,2087.55,5780.889999999999,53,2754.3200000000006,2,Regular Players
999,Tonya Garcia,Slovenia,2024-09-19,42,46,5124.19,111.39543478260867,8823.58,0.5434782608695652,3346.4300000000003,3881.17,46,3699.39,1,VIP Players
1000,Terry Patton,Thailand,2024-03-09,37,45,4724.47,104.98822222222223,5754.85,0.4222222222222222,5005.48,6268.63,45,1030.38,0,Casual Players
